,index,Mn,W,In,Max
0,23986.0,0.05000000074505806,0.05000000074505806,0.05000000074505806,0.0744723305106163
1,23990.0,0.10000000149011612,0.05000000074505806,0.05000000074505806,0.09820791333913803
2,23991.0,0.05000000074505806,0.10000000149011612,0.05000000074505806,0.07993932068347931
3,23994.0,0.15000000596046448,0.05000000074505806,0.05000000074505806,0.13879181444644928
4,23995.0,0.10000000149011612,0.10000000149011612,0.05000000074505806,0.0784333124756813
5,23996.0,0.05000000074505806,0.15000000596046448,0.05000000074505806,0.04166211560368538
6,23999.0,0.20000000298023224,0.05000000074505806,0.05000000074505806,0.13641630113124847
7,24000.0,0.15000000596046448,0.10000000149011612,0.05000000074505806,0.093695268034935
8,24001.0,0.10000000149011612,0.15000000596046448,0.05000000074505806,0.04487863928079605
9,24002.0,0.05000000074505806,0.20000000298023224,0.05000000074505806,0.034290555864572525
10,24006.0,0.25,0.05000000074505806,0.05000000074505806,0.16968797147274017
11,24007.0,0.20000000298023224,0.10000000149011612,0.05000000074505806,0.13881266117095947
12,24008.0,0.15000000596046448,0.15000000596046448,0.05000000074505806,0.08532998710870743
13,24009.0,0.10000000149011612,0.20000000298023224,0.05000000074505806,0.06596602499485016
14,24010.0,0.05000000074505806,0.25,0.05000000074505806,0.05645262449979782
15,24013.0,0.30000001192092896,0.05000000074505806,0.05000000074505806,0.14041092991828918
16,24014.0,0.25,0.10000000149011612,0.05000000074505806,0.10910630226135254
17,24015.0,0.20000000298023224,0.15000000596046448,0.05000000074505806,0.0840422511100769
18,24016.0,0.15000000596046448,0.20000000298023224,0.05000000074505806,0.07838752120733261
19,24017.0,0.10000000149011612,0.25,0.05000000074505806,0.05456489697098732
20,24018.0,0.05000000074505806,0.30000001192092896,0.05000000074505806,0.06029374152421951
21,24021.0,0.3499999940395355,0.05000000074505806,0.05000000074505806,0.2004787027835846
22,24022.0,0.30000001192092896,0.10000000149011612,0.05000000074505806,0.13022924959659576
23,24023.0,0.25,0.15000000596046448,0.05000000074505806,0.10461418330669403
24,24024.0,0.20000000298023224,0.20000000298023224,0.05000000074505806,0.08757364749908447
25,24025.0,0.15000000596046448,0.25,0.05000000074505806,0.07176021486520767
26,24026.0,0.10000000149011612,0.30000001192092896,0.05000000074505806,0.057342249900102615
27,24027.0,0.05000000074505806,0.3499999940395355,0.05000000074505806,0.041844576597213745
28,24030.0,0.4000000059604645,0.05000000074505806,0.05000000074505806,0.18410515785217285
29,24031.0,0.3499999940395355,0.10000000149011612,0.05000000074505806,0.1462048441171646
30,24032.0,0.30000001192092896,0.15000000596046448,0.05000000074505806,0.15117283165454865
31,24033.0,0.25,0.20000000298023224,0.05000000074505806,0.15575841069221497
32,24034.0,0.20000000298023224,0.25,0.05000000074505806,0.13159841299057007
33,24035.0,0.15000000596046448,0.30000001192092896,0.05000000074505806,0.10182295739650726
34,24036.0,0.10000000149011612,0.3499999940395355,0.05000000074505806,0.07473671436309814
35,24037.0,0.05000000074505806,0.4000000059604645,0.05000000074505806,0.10571635514497757
36,24040.0,0.44999998807907104,0.05000000074505806,0.05000000074505806,0.192755326628685
37,24041.0,0.4000000059604645,0.10000000149011612,0.05000000074505806,0.17237891256809235
38,24042.0,0.3499999940395355,0.15000000596046448,0.05000000074505806,0.14100302755832672
39,24043.0,0.30000001192092896,0.20000000298023224,0.05000000074505806,0.12785495817661285
40,24044.0,0.25,0.25,0.05000000074505806,0.09770748764276505
41,24045.0,0.20000000298023224,0.30000001192092896,0.05000000074505806,0.0695924237370491
42,24046.0,0.15000000596046448,0.3499999940395355,0.05000000074505806,0.061357058584690094
43,24047.0,0.10000000149011612,0.4000000059604645,0.05000000074505806,0.0659797191619873
44,24048.0,0.05000000074505806,0.44999998807907104,0.05000000074505806,0.15079011023044586
45,24051.0,0.5,0.05000000074505806,0.05000000074505806,0.17894601821899414
46,24052.0,0.44999998807907104,0.10000000149011612,0.05000000074505806,0.1596653014421463
47,24053.0,0.4000000059604645,0.15000000596046448,0.05000000074505806,0.14637796580791473
48,24055.0,0.3499999940395355,0.20000000298023224,0.05000000074505806,0.1328975409269333
49,24056.0,0.30000001192092896,0.25,0.05000000074505806,0.10917191952466965
50,24057.0,0.25,0.30000001192092896,0.05000000074505806,0.0624394454061985
51,24058.0,0.20000000298023224,0.3499999940395355,0.05000000074505806,0.05092142894864082
52,24059.0,0.15000000596046448,0.4000000059604645,0.05000000074505806,0.054611992090940475
53,24060.0,0.10000000149011612,0.44999998807907104,0.05000000074505806,0.11962863802909851
54,24061.0,0.05000000074505806,0.5,0.05000000074505806,0.14055940508842468
55,24064.0,0.550000011920929,0.05000000074505806,0.05000000074505806,0.23721782863140106
56,24065.0,0.5,0.10000000149011612,0.05000000074505806,0.18127505481243134
57,24066.0,0.44999998807907104,0.15000000596046448,0.05000000074505806,0.15277069807052612
58,24067.0,0.4000000059604645,0.20000000298023224,0.05000000074505806,0.1265120953321457
59,24068.0,0.3499999940395355,0.25,0.05000000074505806,0.10104794055223465
60,24070.0,0.30000001192092896,0.30000001192092896,0.05000000074505806,0.06635655462741852
61,24071.0,0.25,0.3499999940395355,0.05000000074505806,0.04044097661972046
62,24072.0,0.20000000298023224,0.4000000059604645,0.05000000074505806,0.0510893315076828
63,24073.0,0.15000000596046448,0.44999998807907104,0.05000000074505806,0.09227054566144943
64,24074.0,0.10000000149011612,0.5,0.05000000074505806,0.11921964585781097
65,24075.0,0.05000000074505806,0.550000011920929,0.05000000074505806,0.1398157775402069
66,24078.0,0.6000000238418579,0.05000000074505806,0.05000000074505806,0.22083768248558044
67,24079.0,0.550000011920929,0.10000000149011612,0.05000000074505806,0.1691255122423172
68,24080.0,0.5,0.15000000596046448,0.05000000074505806,0.12763914465904236
69,24081.0,0.44999998807907104,0.20000000298023224,0.05000000074505806,0.12223263829946518
70,24082.0,0.4000000059604645,0.25,0.05000000074505806,0.12027760595083237
71,24083.0,0.3499999940395355,0.30000001192092896,0.05000000074505806,0.08645017445087433
72,24085.0,0.30000001192092896,0.3499999940395355,0.05000000074505806,0.056384362280368805
73,24086.0,0.25,0.4000000059604645,0.05000000074505806,0.03412695974111557
74,24087.0,0.20000000298023224,0.44999998807907104,0.05000000074505806,0.05836580693721771
75,24088.0,0.15000000596046448,0.5,0.05000000074505806,0.10607127100229263
76,24089.0,0.10000000149011612,0.550000011920929,0.05000000074505806,0.11705610156059265
77,24090.0,0.05000000074505806,0.6000000238418579,0.05000000074505806,0.14091554284095764
78,24093.0,0.6499999761581421,0.05000000074505806,0.05000000074505806,0.25001201033592224
79,24094.0,0.6000000238418579,0.10000000149011612,0.05000000074505806,0.20038063824176788
80,24095.0,0.550000011920929,0.15000000596046448,0.05000000074505806,0.15518110990524292
81,24096.0,0.5,0.20000000298023224,0.05000000074505806,0.11745501309633255
82,24097.0,0.44999998807907104,0.25,0.05000000074505806,0.10312117636203766
83,24098.0,0.4000000059604645,0.30000001192092896,0.05000000074505806,0.08903925865888596
84,24099.0,0.3499999940395355,0.3499999940395355,0.05000000074505806,0.06891932338476181
85,24100.0,0.30000001192092896,0.4000000059604645,0.05000000074505806,0.06155458837747574
86,24101.0,0.25,0.44999998807907104,0.05000000074505806,0.06953220814466476
87,24102.0,0.20000000298023224,0.5,0.05000000074505806,0.09749514609575272
88,24103.0,0.15000000596046448,0.550000011920929,0.05000000074505806,0.11006750166416168
89,24104.0,0.10000000149011612,0.6000000238418579,0.05000000074505806,0.10891348123550415
90,24105.0,0.05000000074505806,0.6499999761581421,0.05000000074505806,0.0980653464794159
91,24109.0,0.699999988079071,0.05000000074505806,0.05000000074505806,0.2170001119375229
92,24110.0,0.6499999761581421,0.10000000149011612,0.05000000074505806,0.1476462036371231
93,24111.0,0.6000000238418579,0.15000000596046448,0.05000000074505806,0.12612251937389374
94,24112.0,0.550000011920929,0.20000000298023224,0.05000000074505806,0.09625937789678574
95,24113.0,0.5,0.25,0.05000000074505806,0.09199219942092896
96,24114.0,0.44999998807907104,0.30000001192092896,0.05000000074505806,0.07684897631406784
97,24115.0,0.4000000059604645,0.3499999940395355,0.05000000074505806,0.07209983468055725
98,24116.0,0.3499999940395355,0.4000000059604645,0.05000000074505806,0.07358653098344803
99,24117.0,0.30000001192092896,0.44999998807907104,0.05000000074505806,0.042620379477739334
100,24118.0,0.25,0.5,0.05000000074505806,0.0719793438911438
101,24119.0,0.20000000298023224,0.550000011920929,0.05000000074505806,0.09989740699529648
102,24120.0,0.15000000596046448,0.6000000238418579,0.05000000074505806,0.11501148343086243
103,24121.0,0.10000000149011612,0.6499999761581421,0.05000000074505806,0.09468159079551697
104,24122.0,0.05000000074505806,0.699999988079071,0.05000000074505806,0.11505886912345886
105,24125.0,0.75,0.05000000074505806,0.05000000074505806,0.19538426399230957
106,24126.0,0.699999988079071,0.10000000149011612,0.05000000074505806,0.15001340210437775
107,24127.0,0.6499999761581421,0.15000000596046448,0.05000000074505806,0.12537191808223724
108,24128.0,0.6000000238418579,0.20000000298023224,0.05000000074505806,0.11443060636520386
109,24129.0,0.550000011920929,0.25,0.05000000074505806,0.08390843123197556
110,24130.0,0.5,0.30000001192092896,0.05000000074505806,0.06863665580749512
111,24131.0,0.44999998807907104,0.3499999940395355,0.05000000074505806,0.07330307364463806
112,24132.0,0.4000000059604645,0.4000000059604645,0.05000000074505806,0.08159913867712021
113,24133.0,0.3499999940395355,0.44999998807907104,0.05000000074505806,0.04792267084121704
114,24134.0,0.30000001192092896,0.5,0.05000000074505806,0.034441981464624405
115,24135.0,0.25,0.550000011920929,0.05000000074505806,0.06478315591812134
116,24136.0,0.20000000298023224,0.6000000238418579,0.05000000074505806,0.10838183015584946
117,24137.0,0.15000000596046448,0.6499999761581421,0.05000000074505806,0.06193958967924118
118,24138.0,0.10000000149011612,0.699999988079071,0.05000000074505806,0.10129092633724213
119,24139.0,0.05000000074505806,0.75,0.05000000074505806,0.08945704251527786
120,24142.0,0.800000011920929,0.05000000074505806,0.05000000074505806,0.1276133805513382
121,24143.0,0.75,0.10000000149011612,0.05000000074505806,0.1190279945731163
122,24144.0,0.699999988079071,0.15000000596046448,0.05000000074505806,0.1058720126748085
123,24145.0,0.6499999761581421,0.20000000298023224,0.05000000074505806,0.10424443334341049
124,24146.0,0.6000000238418579,0.25,0.05000000074505806,0.08533221483230591
125,24147.0,0.550000011920929,0.30000001192092896,0.05000000074505806,0.06595958769321442
126,24148.0,0.5,0.3499999940395355,0.05000000074505806,0.06871671974658966
127,24149.0,0.44999998807907104,0.4000000059604645,0.05000000074505806,0.09004835039377213
128,24150.0,0.4000000059604645,0.44999998807907104,0.05000000074505806,0.0661851018667221
129,24151.0,0.3499999940395355,0.5,0.05000000074505806,0.047674842178821564
130,24152.0,0.30000001192092896,0.550000011920929,0.05000000074505806,0.062324173748493195
131,24153.0,0.25,0.6000000238418579,0.05000000074505806,0.08792033046483994
132,24154.0,0.20000000298023224,0.6499999761581421,0.05000000074505806,0.0869031772017479
133,24155.0,0.15000000596046448,0.699999988079071,0.05000000074505806,0.09361577033996582
134,24157.0,0.10000000149011612,0.75,0.05000000074505806,0.11475280672311783
135,24158.0,0.05000000074505806,0.800000011920929,0.05000000074505806,0.1301911622285843
136,24161.0,0.8500000238418579,0.05000000074505806,0.05000000074505806,0.1339508444070816
137,24162.0,0.800000011920929,0.10000000149011612,0.05000000074505806,0.12558719515800476
138,24163.0,0.75,0.15000000596046448,0.05000000074505806,0.1225665807723999
139,24164.0,0.699999988079071,0.20000000298023224,0.05000000074505806,0.11433500796556473
140,24165.0,0.6499999761581421,0.25,0.05000000074505806,0.1592683643102646
141,24166.0,0.6000000238418579,0.30000001192092896,0.05000000074505806,0.1353428065776825
142,24167.0,0.550000011920929,0.3499999940395355,0.05000000074505806,0.1729334592819214
143,24168.0,0.5,0.4000000059604645,0.05000000074505806,0.10676690936088562
144,24169.0,0.44999998807907104,0.44999998807907104,0.05000000074505806,0.05183463543653488
145,24170.0,0.4000000059604645,0.5,0.05000000074505806,0.03929612413048744
146,24172.0,0.3499999940395355,0.550000011920929,0.05000000074505806,0.0638308972120285
147,24173.0,0.30000001192092896,0.6000000238418579,0.05000000074505806,0.07139771431684494
148,24174.0,0.25,0.6499999761581421,0.05000000074505806,0.06800970435142517
149,24175.0,0.20000000298023224,0.699999988079071,0.05000000074505806,0.0741598904132843
150,24176.0,0.15000000596046448,0.75,0.05000000074505806,0.07089290767908096
151,24177.0,0.10000000149011612,0.800000011920929,0.05000000074505806,0.07446763664484024
152,24178.0,0.05000000074505806,0.8500000238418579,0.05000000074505806,0.19076192378997803
153,24181.0,0.8999999761581421,0.05000000074505806,0.05000000074505806,0.15886373817920685
154,24182.0,0.8500000238418579,0.10000000149011612,0.05000000074505806,0.14674019813537598
155,24183.0,0.800000011920929,0.15000000596046448,0.05000000074505806,0.13277246057987213
156,24184.0,0.75,0.20000000298023224,0.05000000074505806,0.1318131685256958
157,24185.0,0.699999988079071,0.25,0.05000000074505806,0.18693743646144867
158,24187.0,0.6499999761581421,0.30000001192092896,0.05000000074505806,0.1810751110315323
159,24188.0,0.6000000238418579,0.3499999940395355,0.05000000074505806,0.16768452525138855
160,24189.0,0.550000011920929,0.4000000059604645,0.05000000074505806,0.08713274449110031
161,24190.0,0.5,0.44999998807907104,0.05000000074505806,0.07959271222352982
162,24191.0,0.44999998807907104,0.5,0.05000000074505806,0.05271010473370552
163,24192.0,0.4000000059604645,0.550000011920929,0.05000000074505806,0.059141166508197784
164,24193.0,0.3499999940395355,0.6000000238418579,0.05000000074505806,0.06643745303153992
165,24194.0,0.30000001192092896,0.6499999761581421,0.05000000074505806,0.06875403970479965
166,24195.0,0.25,0.699999988079071,0.05000000074505806,0.07717139273881912
167,24196.0,0.20000000298023224,0.75,0.05000000074505806,0.061102982610464096
168,24197.0,0.15000000596046448,0.800000011920929,0.05000000074505806,0.0624547116458416
169,24198.0,0.10000000149011612,0.8500000238418579,0.05000000074505806,0.12065295875072479
170,24199.0,0.05000000074505806,0.8999999761581421,0.05000000074505806,0.12773077189922333
171,24206.0,0.05000000074505806,0.05000000074505806,0.10000000149011612,0.08012614399194717
172,24209.0,0.10000000149011612,0.05000000074505806,0.10000000149011612,0.1190333291888237
173,24210.0,0.05000000074505806,0.10000000149011612,0.10000000149011612,0.06704424321651459
174,24213.0,0.15000000596046448,0.05000000074505806,0.10000000149011612,0.1740066409111023
175,24214.0,0.10000000149011612,0.10000000149011612,0.10000000149011612,0.059836745262145996
176,24215.0,0.05000000074505806,0.15000000596046448,0.10000000149011612,0.0302683524787426
177,24218.0,0.20000000298023224,0.05000000074505806,0.10000000149011612,0.17773275077342987
178,24219.0,0.15000000596046448,0.10000000149011612,0.10000000149011612,0.07506291568279266
179,24220.0,0.10000000149011612,0.15000000596046448,0.10000000149011612,0.0723038762807846
180,24221.0,0.05000000074505806,0.20000000298023224,0.10000000149011612,0.046729911118745804
181,24224.0,0.25,0.05000000074505806,0.10000000149011612,0.154946967959404
182,24225.0,0.20000000298023224,0.10000000149011612,0.10000000149011612,0.11209115386009216
183,24226.0,0.15000000596046448,0.15000000596046448,0.10000000149011612,0.09303854405879974
184,24227.0,0.10000000149011612,0.20000000298023224,0.10000000149011612,0.08938420563936234
185,24228.0,0.05000000074505806,0.25,0.10000000149011612,0.040585942566394806
186,24231.0,0.30000001192092896,0.05000000074505806,0.10000000149011612,0.15877224504947662
187,24232.0,0.25,0.10000000149011612,0.10000000149011612,0.15016837418079376
188,24233.0,0.20000000298023224,0.15000000596046448,0.10000000149011612,0.08314234763383865
189,24234.0,0.15000000596046448,0.20000000298023224,0.10000000149011612,0.08453834801912308
190,24235.0,0.10000000149011612,0.25,0.10000000149011612,0.04983546957373619
191,24236.0,0.05000000074505806,0.30000001192092896,0.10000000149011612,0.04820120707154274
192,24239.0,0.3499999940395355,0.05000000074505806,0.10000000149011612,0.17988532781600952
193,24240.0,0.30000001192092896,0.10000000149011612,0.10000000149011612,0.15435126423835754
194,24241.0,0.25,0.15000000596046448,0.10000000149011612,0.09561040252447128
195,24242.0,0.20000000298023224,0.20000000298023224,0.10000000149011612,0.08859971165657043
196,24243.0,0.15000000596046448,0.25,0.10000000149011612,0.064724400639534
197,24244.0,0.10000000149011612,0.30000001192092896,0.10000000149011612,0.04553947597742081
198,24245.0,0.05000000074505806,0.3499999940395355,0.10000000149011612,0.04495934024453163
199,24248.0,0.4000000059604645,0.05000000074505806,0.10000000149011612,0.13235995173454285
200,24249.0,0.3499999940395355,0.10000000149011612,0.10000000149011612,0.12889420986175537
201,24250.0,0.30000001192092896,0.15000000596046448,0.10000000149011612,0.09794213622808456
202,24251.0,0.25,0.20000000298023224,0.10000000149011612,0.08020725101232529
203,24252.0,0.20000000298023224,0.25,0.10000000149011612,0.06674972176551819
204,24253.0,0.15000000596046448,0.30000001192092896,0.10000000149011612,0.04733314737677574
205,24254.0,0.10000000149011612,0.3499999940395355,0.10000000149011612,0.03774718567728996
206,24255.0,0.05000000074505806,0.4000000059604645,0.10000000149011612,0.05294168367981911
207,24258.0,0.44999998807907104,0.05000000074505806,0.10000000149011612,0.15862862765789032
208,24259.0,0.4000000059604645,0.10000000149011612,0.10000000149011612,0.1434488743543625
209,24260.0,0.3499999940395355,0.15000000596046448,0.10000000149011612,0.12106233090162277
210,24261.0,0.30000001192092896,0.20000000298023224,0.10000000149011612,0.09607826173305511
211,24262.0,0.25,0.25,0.10000000149011612,0.06824129819869995
212,24263.0,0.20000000298023224,0.30000001192092896,0.10000000149011612,0.054117776453495026
213,24264.0,0.15000000596046448,0.3499999940395355,0.10000000149011612,0.047618940472602844
214,24266.0,0.10000000149011612,0.4000000059604645,0.10000000149011612,0.08261629194021225
215,24267.0,0.05000000074505806,0.44999998807907104,0.10000000149011612,0.1327134221792221
216,24270.0,0.5,0.05000000074505806,0.10000000149011612,0.17465157806873322
217,24271.0,0.44999998807907104,0.10000000149011612,0.10000000149011612,0.16632285714149475
218,24272.0,0.4000000059604645,0.15000000596046448,0.10000000149011612,0.15202027559280396
219,24274.0,0.3499999940395355,0.20000000298023224,0.10000000149011612,0.11487531661987305
220,24275.0,0.30000001192092896,0.25,0.10000000149011612,0.09354523569345474
221,24276.0,0.25,0.30000001192092896,0.10000000149011612,0.05593360215425491
222,24277.0,0.20000000298023224,0.3499999940395355,0.10000000149011612,0.033494580537080765
223,24278.0,0.15000000596046448,0.4000000059604645,0.10000000149011612,0.038193684071302414
224,24279.0,0.10000000149011612,0.44999998807907104,0.10000000149011612,0.10146019607782364
225,24280.0,0.05000000074505806,0.5,0.10000000149011612,0.12262891978025436
226,24283.0,0.550000011920929,0.05000000074505806,0.10000000149011612,0.1653842329978943
227,24284.0,0.5,0.10000000149011612,0.10000000149011612,0.14078791439533234
228,24285.0,0.44999998807907104,0.15000000596046448,0.10000000149011612,0.11737606674432755
229,24286.0,0.4000000059604645,0.20000000298023224,0.10000000149011612,0.11795517057180405
230,24287.0,0.3499999940395355,0.25,0.10000000149011612,0.09210275858640671
231,24289.0,0.30000001192092896,0.30000001192092896,0.10000000149011612,0.06497403234243393
232,24290.0,0.25,0.3499999940395355,0.10000000149011612,0.040449898689985275
233,24291.0,0.20000000298023224,0.4000000059604645,0.10000000149011612,0.026486095041036606
234,24292.0,0.15000000596046448,0.44999998807907104,0.10000000149011612,0.06435837596654892
235,24293.0,0.10000000149011612,0.5,0.10000000149011612,0.10827656090259552
236,24294.0,0.05000000074505806,0.550000011920929,0.10000000149011612,0.10895150154829025
237,24297.0,0.6000000238418579,0.05000000074505806,0.10000000149011612,0.1516808569431305
238,24298.0,0.550000011920929,0.10000000149011612,0.10000000149011612,0.12766261398792267
239,24299.0,0.5,0.15000000596046448,0.10000000149011612,0.10529719293117523
240,24300.0,0.44999998807907104,0.20000000298023224,0.10000000149011612,0.10977113991975784
241,24301.0,0.4000000059604645,0.25,0.10000000149011612,0.11306918412446976
242,24302.0,0.3499999940395355,0.30000001192092896,0.10000000149011612,0.06470441073179245
243,24304.0,0.30000001192092896,0.3499999940395355,0.10000000149011612,0.056936830282211304
244,24305.0,0.25,0.4000000059604645,0.10000000149011612,0.04926203936338425
245,24306.0,0.20000000298023224,0.44999998807907104,0.10000000149011612,0.06246250495314598
246,24307.0,0.15000000596046448,0.5,0.10000000149011612,0.08258456736803055
247,24308.0,0.10000000149011612,0.550000011920929,0.10000000149011612,0.09651381522417068
248,24309.0,0.05000000074505806,0.6000000238418579,0.10000000149011612,0.08296030014753342
249,24312.0,0.6499999761581421,0.05000000074505806,0.10000000149011612,0.13553354144096375
250,24313.0,0.6000000238418579,0.10000000149011612,0.10000000149011612,0.12308450788259506
251,24314.0,0.550000011920929,0.15000000596046448,0.10000000149011612,0.10246195644140244
252,24315.0,0.5,0.20000000298023224,0.10000000149011612,0.09786529093980789
253,24316.0,0.44999998807907104,0.25,0.10000000149011612,0.10044801980257034
254,24317.0,0.4000000059604645,0.30000001192092896,0.10000000149011612,0.08782485127449036
255,24318.0,0.3499999940395355,0.3499999940395355,0.10000000149011612,0.0753542110323906
256,24319.0,0.30000001192092896,0.4000000059604645,0.10000000149011612,0.07340632379055023
257,24320.0,0.25,0.44999998807907104,0.10000000149011612,0.03275451809167862
258,24321.0,0.20000000298023224,0.5,0.10000000149011612,0.10092905908823013
259,24322.0,0.15000000596046448,0.550000011920929,0.10000000149011612,0.07927720993757248
260,24323.0,0.10000000149011612,0.6000000238418579,0.10000000149011612,0.08970057219266891
261,24324.0,0.05000000074505806,0.6499999761581421,0.10000000149011612,0.11293463408946991
262,24327.0,0.699999988079071,0.05000000074505806,0.10000000149011612,0.19040614366531372
263,24328.0,0.6499999761581421,0.10000000149011612,0.10000000149011612,0.15479062497615814
264,24329.0,0.6000000238418579,0.15000000596046448,0.10000000149011612,0.12617231905460358
265,24330.0,0.550000011920929,0.20000000298023224,0.10000000149011612,0.11163876205682755
266,24331.0,0.5,0.25,0.10000000149011612,0.08722569048404694
267,24332.0,0.44999998807907104,0.30000001192092896,0.10000000149011612,0.06970499455928802
268,24333.0,0.4000000059604645,0.3499999940395355,0.10000000149011612,0.07369527220726013
269,24334.0,0.3499999940395355,0.4000000059604645,0.10000000149011612,0.07004840672016144
270,24335.0,0.30000001192092896,0.44999998807907104,0.10000000149011612,0.07701203972101212
271,24336.0,0.25,0.5,0.10000000149011612,0.06077102571725845
272,24337.0,0.20000000298023224,0.550000011920929,0.10000000149011612,0.09073539823293686
273,24338.0,0.15000000596046448,0.6000000238418579,0.10000000149011612,0.12161445617675781
274,24339.0,0.10000000149011612,0.6499999761581421,0.10000000149011612,0.10388477146625519
275,24340.0,0.05000000074505806,0.699999988079071,0.10000000149011612,0.09924718737602234
276,24343.0,0.75,0.05000000074505806,0.10000000149011612,0.14417734742164612
277,24344.0,0.699999988079071,0.10000000149011612,0.10000000149011612,0.1048116534948349
278,24345.0,0.6499999761581421,0.15000000596046448,0.10000000149011612,0.10197549313306808
279,24346.0,0.6000000238418579,0.20000000298023224,0.10000000149011612,0.10631665587425232
280,24347.0,0.550000011920929,0.25,0.10000000149011612,0.08777748048305511
281,24348.0,0.5,0.30000001192092896,0.10000000149011612,0.06876503676176071
282,24349.0,0.44999998807907104,0.3499999940395355,0.10000000149011612,0.06412850320339203
283,24350.0,0.4000000059604645,0.4000000059604645,0.10000000149011612,0.0826922357082367
284,24351.0,0.3499999940395355,0.44999998807907104,0.10000000149011612,0.06983567029237747
285,24352.0,0.30000001192092896,0.5,0.10000000149011612,0.06747935712337494
286,24353.0,0.25,0.550000011920929,0.10000000149011612,0.06334731727838516
287,24354.0,0.20000000298023224,0.6000000238418579,0.10000000149011612,0.07999815791845322
288,24355.0,0.15000000596046448,0.6499999761581421,0.10000000149011612,0.08496121317148209
289,24356.0,0.10000000149011612,0.699999988079071,0.10000000149011612,0.09500059485435486
290,24357.0,0.05000000074505806,0.75,0.10000000149011612,0.09136562049388885
291,24360.0,0.800000011920929,0.05000000074505806,0.10000000149011612,0.12965166568756104
292,24361.0,0.75,0.10000000149011612,0.10000000149011612,0.09611111134290695
293,24362.0,0.699999988079071,0.15000000596046448,0.10000000149011612,0.09403642266988754
294,24363.0,0.6499999761581421,0.20000000298023224,0.10000000149011612,0.0884299948811531
295,24364.0,0.6000000238418579,0.25,0.10000000149011612,0.08555015176534653
296,24365.0,0.550000011920929,0.30000001192092896,0.10000000149011612,0.08433350175619125
297,24366.0,0.5,0.3499999940395355,0.10000000149011612,0.06468739360570908
298,24368.0,0.44999998807907104,0.4000000059604645,0.10000000149011612,0.06567537784576416
299,24369.0,0.4000000059604645,0.44999998807907104,0.10000000149011612,0.058541879057884216
300,24370.0,0.3499999940395355,0.5,0.10000000149011612,0.029985757544636726
301,24371.0,0.30000001192092896,0.550000011920929,0.10000000149011612,0.04163866862654686
302,24372.0,0.25,0.6000000238418579,0.10000000149011612,0.056005991995334625
303,24373.0,0.20000000298023224,0.6499999761581421,0.10000000149011612,0.06389883905649185
304,24374.0,0.15000000596046448,0.699999988079071,0.10000000149011612,0.06164329871535301
305,24375.0,0.10000000149011612,0.75,0.10000000149011612,0.05884348973631859
306,24376.0,0.05000000074505806,0.800000011920929,0.10000000149011612,0.08764615654945374
307,24379.0,0.8500000238418579,0.05000000074505806,0.10000000149011612,0.1157047376036644
308,24380.0,0.800000011920929,0.10000000149011612,0.10000000149011612,0.10813350975513458
309,24381.0,0.75,0.15000000596046448,0.10000000149011612,0.10250409692525864
310,24383.0,0.699999988079071,0.20000000298023224,0.10000000149011612,0.144501194357872
311,24384.0,0.6499999761581421,0.25,0.10000000149011612,0.14166907966136932
312,24385.0,0.6000000238418579,0.30000001192092896,0.10000000149011612,0.20795585215091705
313,24386.0,0.550000011920929,0.3499999940395355,0.10000000149011612,0.19861097633838654
314,24387.0,0.5,0.4000000059604645,0.10000000149011612,0.15116940438747406
315,24388.0,0.44999998807907104,0.44999998807907104,0.10000000149011612,0.07277937978506088
316,24389.0,0.4000000059604645,0.5,0.10000000149011612,0.06110682338476181
317,24391.0,0.3499999940395355,0.550000011920929,0.10000000149011612,0.04538268968462944
318,24392.0,0.30000001192092896,0.6000000238418579,0.10000000149011612,0.06492239981889725
319,24393.0,0.25,0.6499999761581421,0.10000000149011612,0.06949710100889206
320,24394.0,0.20000000298023224,0.699999988079071,0.10000000149011612,0.08346867561340332
321,24395.0,0.15000000596046448,0.75,0.10000000149011612,0.08639558404684067
322,24396.0,0.10000000149011612,0.800000011920929,0.10000000149011612,0.09389398992061615
323,24397.0,0.05000000074505806,0.8500000238418579,0.10000000149011612,0.11167337000370026
324,24403.0,0.05000000074505806,0.05000000074505806,0.15000000596046448,0.11046885699033737
325,24407.0,0.10000000149011612,0.05000000074505806,0.15000000596046448,0.1436677724123001
326,24408.0,0.05000000074505806,0.10000000149011612,0.15000000596046448,0.06809821724891663
327,24411.0,0.15000000596046448,0.05000000074505806,0.15000000596046448,0.1828596442937851
328,24412.0,0.10000000149011612,0.10000000149011612,0.15000000596046448,0.06725235283374786
329,24413.0,0.05000000074505806,0.15000000596046448,0.15000000596046448,0.04002111405134201
330,24416.0,0.20000000298023224,0.05000000074505806,0.15000000596046448,0.1185222715139389
331,24417.0,0.15000000596046448,0.10000000149011612,0.15000000596046448,0.07329525798559189
332,24418.0,0.10000000149011612,0.15000000596046448,0.15000000596046448,0.08802273124456406
333,24419.0,0.05000000074505806,0.20000000298023224,0.15000000596046448,0.060101255774497986
334,24422.0,0.25,0.05000000074505806,0.15000000596046448,0.14248520135879517
335,24423.0,0.20000000298023224,0.10000000149011612,0.15000000596046448,0.09797815978527069
336,24424.0,0.15000000596046448,0.15000000596046448,0.15000000596046448,0.0944281667470932
337,24425.0,0.10000000149011612,0.20000000298023224,0.15000000596046448,0.0960652157664299
338,24426.0,0.05000000074505806,0.25,0.15000000596046448,0.05803312361240387
339,24429.0,0.30000001192092896,0.05000000074505806,0.15000000596046448,0.13856923580169678
340,24430.0,0.25,0.10000000149011612,0.15000000596046448,0.16114693880081177
341,24431.0,0.20000000298023224,0.15000000596046448,0.15000000596046448,0.08083032816648483
342,24432.0,0.15000000596046448,0.20000000298023224,0.15000000596046448,0.09736910462379456
343,24433.0,0.10000000149011612,0.25,0.15000000596046448,0.061506204307079315
344,24434.0,0.05000000074505806,0.30000001192092896,0.15000000596046448,0.04257927089929581
345,24437.0,0.3499999940395355,0.05000000074505806,0.15000000596046448,0.18721941113471985
346,24438.0,0.30000001192092896,0.10000000149011612,0.15000000596046448,0.15379245579242706
347,24439.0,0.25,0.15000000596046448,0.15000000596046448,0.12417858839035034
348,24440.0,0.20000000298023224,0.20000000298023224,0.15000000596046448,0.10093409568071365
349,24441.0,0.15000000596046448,0.25,0.15000000596046448,0.07664448767900467
350,24442.0,0.10000000149011612,0.30000001192092896,0.15000000596046448,0.06909610331058502
351,24443.0,0.05000000074505806,0.3499999940395355,0.15000000596046448,0.0627010390162468
352,24446.0,0.4000000059604645,0.05000000074505806,0.15000000596046448,0.14593163132667542
353,24447.0,0.3499999940395355,0.10000000149011612,0.15000000596046448,0.15957096219062805
354,24448.0,0.30000001192092896,0.15000000596046448,0.15000000596046448,0.12701205909252167
355,24449.0,0.25,0.20000000298023224,0.15000000596046448,0.08060604333877563
356,24450.0,0.20000000298023224,0.25,0.15000000596046448,0.09376557916402817
357,24451.0,0.15000000596046448,0.30000001192092896,0.15000000596046448,0.05884472653269768
358,24452.0,0.10000000149011612,0.3499999940395355,0.15000000596046448,0.06250840425491333
359,24453.0,0.05000000074505806,0.4000000059604645,0.15000000596046448,0.07847350090742111
360,24456.0,0.44999998807907104,0.05000000074505806,0.15000000596046448,0.13346315920352936
361,24457.0,0.4000000059604645,0.10000000149011612,0.15000000596046448,0.13405348360538483
362,24458.0,0.3499999940395355,0.15000000596046448,0.15000000596046448,0.10658617317676544
363,24459.0,0.30000001192092896,0.20000000298023224,0.15000000596046448,0.08260376751422882
364,24460.0,0.25,0.25,0.15000000596046448,0.07480467855930328
365,24461.0,0.20000000298023224,0.30000001192092896,0.15000000596046448,0.05344602093100548
366,24462.0,0.15000000596046448,0.3499999940395355,0.15000000596046448,0.03771471977233887
367,24463.0,0.10000000149011612,0.4000000059604645,0.15000000596046448,0.060741689056158066
368,24464.0,0.05000000074505806,0.44999998807907104,0.15000000596046448,0.07970023155212402
369,24467.0,0.5,0.05000000074505806,0.15000000596046448,0.13070015609264374
370,24468.0,0.44999998807907104,0.10000000149011612,0.15000000596046448,0.12185216695070267
371,24470.0,0.4000000059604645,0.15000000596046448,0.15000000596046448,0.10589121282100677
372,24471.0,0.3499999940395355,0.20000000298023224,0.15000000596046448,0.09085236489772797
373,24472.0,0.30000001192092896,0.25,0.15000000596046448,0.055721357464790344
374,24473.0,0.25,0.30000001192092896,0.15000000596046448,0.03735867887735367
375,24474.0,0.20000000298023224,0.3499999940395355,0.15000000596046448,0.030063631013035774
376,24475.0,0.15000000596046448,0.4000000059604645,0.15000000596046448,0.026689564809203148
377,24476.0,0.10000000149011612,0.44999998807907104,0.15000000596046448,0.05970297008752823
378,24477.0,0.05000000074505806,0.5,0.15000000596046448,0.10331112146377563
379,24480.0,0.550000011920929,0.05000000074505806,0.15000000596046448,0.12953758239746094
380,24481.0,0.5,0.10000000149011612,0.15000000596046448,0.1141025647521019
381,24482.0,0.44999998807907104,0.15000000596046448,0.15000000596046448,0.08713585883378983
382,24483.0,0.4000000059604645,0.20000000298023224,0.15000000596046448,0.10357647389173508
383,24485.0,0.3499999940395355,0.25,0.15000000596046448,0.08283853530883789
384,24486.0,0.30000001192092896,0.30000001192092896,0.15000000596046448,0.0527532696723938
385,24487.0,0.25,0.3499999940395355,0.15000000596046448,0.029658399522304535
386,24488.0,0.20000000298023224,0.4000000059604645,0.15000000596046448,0.03856242075562477
387,24489.0,0.15000000596046448,0.44999998807907104,0.15000000596046448,0.040113478899002075
388,24490.0,0.10000000149011612,0.5,0.15000000596046448,0.07257108390331268
389,24491.0,0.05000000074505806,0.550000011920929,0.15000000596046448,0.08779720216989517
390,24494.0,0.6000000238418579,0.05000000074505806,0.15000000596046448,0.1490785777568817
391,24495.0,0.550000011920929,0.10000000149011612,0.15000000596046448,0.14431160688400269
392,24496.0,0.5,0.15000000596046448,0.15000000596046448,0.12344934791326523
393,24497.0,0.44999998807907104,0.20000000298023224,0.15000000596046448,0.08515031635761261
394,24498.0,0.4000000059604645,0.25,0.15000000596046448,0.0664045438170433
395,24500.0,0.3499999940395355,0.30000001192092896,0.15000000596046448,0.08262287825345993
396,24501.0,0.30000001192092896,0.3499999940395355,0.15000000596046448,0.0699748769402504
397,24502.0,0.25,0.4000000059604645,0.15000000596046448,0.08848721534013748
398,24503.0,0.20000000298023224,0.44999998807907104,0.15000000596046448,0.06419500708580017
399,24504.0,0.15000000596046448,0.5,0.15000000596046448,0.08594705164432526
400,24505.0,0.10000000149011612,0.550000011920929,0.15000000596046448,0.0919712483882904
401,24506.0,0.05000000074505806,0.6000000238418579,0.15000000596046448,0.10767253488302231
402,24510.0,0.6499999761581421,0.05000000074505806,0.15000000596046448,0.1695178747177124
403,24511.0,0.6000000238418579,0.10000000149011612,0.15000000596046448,0.14412683248519897
404,24512.0,0.550000011920929,0.15000000596046448,0.15000000596046448,0.1443413347005844
405,24513.0,0.5,0.20000000298023224,0.15000000596046448,0.11780807375907898
406,24514.0,0.44999998807907104,0.25,0.15000000596046448,0.08997998386621475
407,24515.0,0.4000000059604645,0.30000001192092896,0.15000000596046448,0.08885709196329117
408,24516.0,0.3499999940395355,0.3499999940395355,0.15000000596046448,0.07170841097831726
409,24517.0,0.30000001192092896,0.4000000059604645,0.15000000596046448,0.09020322561264038
410,24518.0,0.25,0.44999998807907104,0.15000000596046448,0.08786597102880478
411,24519.0,0.20000000298023224,0.5,0.15000000596046448,0.07171742618083954
412,24520.0,0.15000000596046448,0.550000011920929,0.15000000596046448,0.09054546058177948
413,24521.0,0.10000000149011612,0.6000000238418579,0.15000000596046448,0.0767221599817276
414,24522.0,0.05000000074505806,0.6499999761581421,0.15000000596046448,0.0782843604683876
415,24525.0,0.699999988079071,0.05000000074505806,0.15000000596046448,0.12686656415462494
416,24526.0,0.6499999761581421,0.10000000149011612,0.15000000596046448,0.12041255831718445
417,24527.0,0.6000000238418579,0.15000000596046448,0.15000000596046448,0.11621023714542389
418,24528.0,0.550000011920929,0.20000000298023224,0.15000000596046448,0.11097578704357147
419,24529.0,0.5,0.25,0.15000000596046448,0.08995562046766281
420,24530.0,0.44999998807907104,0.30000001192092896,0.15000000596046448,0.07739631831645966
421,24531.0,0.4000000059604645,0.3499999940395355,0.15000000596046448,0.06787160784006119
422,24532.0,0.3499999940395355,0.4000000059604645,0.15000000596046448,0.08148252218961716
423,24533.0,0.30000001192092896,0.44999998807907104,0.15000000596046448,0.07906486093997955
424,24534.0,0.25,0.5,0.15000000596046448,0.05272473767399788
425,24535.0,0.20000000298023224,0.550000011920929,0.15000000596046448,0.0843375101685524
426,24536.0,0.15000000596046448,0.6000000238418579,0.15000000596046448,0.07332905381917953
427,24537.0,0.10000000149011612,0.6499999761581421,0.15000000596046448,0.0553797148168087
428,24538.0,0.05000000074505806,0.699999988079071,0.15000000596046448,0.08195117115974426
429,24541.0,0.75,0.05000000074505806,0.15000000596046448,0.12486546486616135
430,24542.0,0.699999988079071,0.10000000149011612,0.15000000596046448,0.1315956860780716
431,24543.0,0.6499999761581421,0.15000000596046448,0.15000000596046448,0.1054961159825325
432,24544.0,0.6000000238418579,0.20000000298023224,0.15000000596046448,0.10915371775627136
433,24545.0,0.550000011920929,0.25,0.15000000596046448,0.09458588808774948
434,24546.0,0.5,0.30000001192092896,0.15000000596046448,0.08777517825365067
435,24547.0,0.44999998807907104,0.3499999940395355,0.15000000596046448,0.07293127477169037
436,24548.0,0.4000000059604645,0.4000000059604645,0.15000000596046448,0.06426230818033218
437,24549.0,0.3499999940395355,0.44999998807907104,0.15000000596046448,0.0768946185708046
438,24550.0,0.30000001192092896,0.5,0.15000000596046448,0.04257825016975403
439,24551.0,0.25,0.550000011920929,0.15000000596046448,0.04328030347824097
440,24552.0,0.20000000298023224,0.6000000238418579,0.15000000596046448,0.0636024996638298
441,24553.0,0.15000000596046448,0.6499999761581421,0.15000000596046448,0.06504436582326889
442,24554.0,0.10000000149011612,0.699999988079071,0.15000000596046448,0.054433032870292664
443,24555.0,0.05000000074505806,0.75,0.15000000596046448,0.055694881826639175
444,24558.0,0.800000011920929,0.05000000074505806,0.15000000596046448,0.15060444176197052
445,24559.0,0.75,0.10000000149011612,0.15000000596046448,0.13020914793014526
446,24560.0,0.699999988079071,0.15000000596046448,0.15000000596046448,0.11637609452009201
447,24561.0,0.6499999761581421,0.20000000298023224,0.15000000596046448,0.11075928062200546
448,24562.0,0.6000000238418579,0.25,0.15000000596046448,0.1223393976688385
449,24563.0,0.550000011920929,0.30000001192092896,0.15000000596046448,0.1754675954580307
450,24564.0,0.5,0.3499999940395355,0.15000000596046448,0.13831683993339539
451,24565.0,0.44999998807907104,0.4000000059604645,0.15000000596046448,0.07084102183580399
452,24566.0,0.4000000059604645,0.44999998807907104,0.15000000596046448,0.06315235793590546
453,24567.0,0.3499999940395355,0.5,0.15000000596046448,0.049829911440610886
454,24568.0,0.30000001192092896,0.550000011920929,0.15000000596046448,0.04037673771381378
455,24569.0,0.25,0.6000000238418579,0.15000000596046448,0.04473906755447388
456,24570.0,0.20000000298023224,0.6499999761581421,0.15000000596046448,0.05763319507241249
457,24572.0,0.15000000596046448,0.699999988079071,0.15000000596046448,0.0813826248049736
458,24573.0,0.10000000149011612,0.75,0.15000000596046448,0.07311675697565079
459,24574.0,0.05000000074505806,0.800000011920929,0.15000000596046448,0.05214642360806465
460,24580.0,0.05000000074505806,0.05000000074505806,0.20000000298023224,0.09130072593688965
461,24583.0,0.10000000149011612,0.05000000074505806,0.20000000298023224,0.11542896926403046
462,24584.0,0.05000000074505806,0.10000000149011612,0.20000000298023224,0.02497880533337593
463,24588.0,0.15000000596046448,0.05000000074505806,0.20000000298023224,0.1345108598470688
464,24589.0,0.10000000149011612,0.10000000149011612,0.20000000298023224,0.050678838044404984
465,24590.0,0.05000000074505806,0.15000000596046448,0.20000000298023224,0.06741417944431305
466,24593.0,0.20000000298023224,0.05000000074505806,0.20000000298023224,0.12987491488456726
467,24594.0,0.15000000596046448,0.10000000149011612,0.20000000298023224,0.06096168980002403
468,24595.0,0.10000000149011612,0.15000000596046448,0.20000000298023224,0.07730337232351303
469,24596.0,0.05000000074505806,0.20000000298023224,0.20000000298023224,0.06455983221530914
470,24599.0,0.25,0.05000000074505806,0.20000000298023224,0.10064639151096344
471,24600.0,0.20000000298023224,0.10000000149011612,0.20000000298023224,0.07955053448677063
472,24602.0,0.15000000596046448,0.15000000596046448,0.20000000298023224,0.07366537302732468
473,24603.0,0.10000000149011612,0.20000000298023224,0.20000000298023224,0.09072011709213257
474,24604.0,0.05000000074505806,0.25,0.20000000298023224,0.041744414716959
475,24607.0,0.30000001192092896,0.05000000074505806,0.20000000298023224,0.1404874622821808
476,24608.0,0.25,0.10000000149011612,0.20000000298023224,0.08828222006559372
477,24609.0,0.20000000298023224,0.15000000596046448,0.20000000298023224,0.06402244418859482
478,24610.0,0.15000000596046448,0.20000000298023224,0.20000000298023224,0.07925368845462799
479,24611.0,0.10000000149011612,0.25,0.20000000298023224,0.05180102586746216
480,24612.0,0.05000000074505806,0.30000001192092896,0.20000000298023224,0.06163158267736435
481,24615.0,0.3499999940395355,0.05000000074505806,0.20000000298023224,0.14265644550323486
482,24617.0,0.30000001192092896,0.10000000149011612,0.20000000298023224,0.14553190767765045
483,24618.0,0.25,0.15000000596046448,0.20000000298023224,0.09958285093307495
484,24619.0,0.20000000298023224,0.20000000298023224,0.20000000298023224,0.09947667270898819
485,24620.0,0.15000000596046448,0.25,0.20000000298023224,0.08364473283290863
486,24621.0,0.10000000149011612,0.30000001192092896,0.20000000298023224,0.07697717100381851
487,24622.0,0.05000000074505806,0.3499999940395355,0.20000000298023224,0.10074419528245926
488,24625.0,0.4000000059604645,0.05000000074505806,0.20000000298023224,0.16060063242912292
489,24626.0,0.3499999940395355,0.10000000149011612,0.20000000298023224,0.13859812915325165
490,24627.0,0.30000001192092896,0.15000000596046448,0.20000000298023224,0.1087997555732727
491,24628.0,0.25,0.20000000298023224,0.20000000298023224,0.08136887848377228
492,24629.0,0.20000000298023224,0.25,0.20000000298023224,0.09796520322561264
493,24630.0,0.15000000596046448,0.30000001192092896,0.20000000298023224,0.0860443264245987
494,24631.0,0.10000000149011612,0.3499999940395355,0.20000000298023224,0.08214987814426422
495,24632.0,0.05000000074505806,0.4000000059604645,0.20000000298023224,0.11128958314657211
496,24635.0,0.44999998807907104,0.05000000074505806,0.20000000298023224,0.14906269311904907
497,24636.0,0.4000000059604645,0.10000000149011612,0.20000000298023224,0.14089229702949524
498,24637.0,0.3499999940395355,0.15000000596046448,0.20000000298023224,0.11759128421545029
499,24638.0,0.30000001192092896,0.20000000298023224,0.20000000298023224,0.09235536307096481
500,24639.0,0.25,0.25,0.20000000298023224,0.06784570217132568
501,24640.0,0.20000000298023224,0.30000001192092896,0.20000000298023224,0.06440220773220062
502,24641.0,0.15000000596046448,0.3499999940395355,0.20000000298023224,0.05207836627960205
503,24642.0,0.10000000149011612,0.4000000059604645,0.20000000298023224,0.05243976414203644
504,24643.0,0.05000000074505806,0.44999998807907104,0.20000000298023224,0.07216799259185791
505,24646.0,0.5,0.05000000074505806,0.20000000298023224,0.17364932596683502
506,24647.0,0.44999998807907104,0.10000000149011612,0.20000000298023224,0.1572696417570114
507,24648.0,0.4000000059604645,0.15000000596046448,0.20000000298023224,0.1242448166012764
508,24649.0,0.3499999940395355,0.20000000298023224,0.20000000298023224,0.09059896320104599
509,24650.0,0.30000001192092896,0.25,0.20000000298023224,0.07288061827421188
510,24651.0,0.25,0.30000001192092896,0.20000000298023224,0.04627551510930061
511,24652.0,0.20000000298023224,0.3499999940395355,0.20000000298023224,0.022809742018580437
512,24653.0,0.15000000596046448,0.4000000059604645,0.20000000298023224,0.03407370299100876
513,24654.0,0.10000000149011612,0.44999998807907104,0.20000000298023224,0.06604709476232529
514,24655.0,0.05000000074505806,0.5,0.20000000298023224,0.09079346805810928
515,24658.0,0.550000011920929,0.05000000074505806,0.20000000298023224,0.19014880061149597
516,24659.0,0.5,0.10000000149011612,0.20000000298023224,0.13688728213310242
517,24660.0,0.44999998807907104,0.15000000596046448,0.20000000298023224,0.12156163901090622
518,24661.0,0.4000000059604645,0.20000000298023224,0.20000000298023224,0.09139326214790344
519,24662.0,0.3499999940395355,0.25,0.20000000298023224,0.07715722173452377
520,24663.0,0.30000001192092896,0.30000001192092896,0.20000000298023224,0.08244515210390091
521,24664.0,0.25,0.3499999940395355,0.20000000298023224,0.03839704021811485
522,24665.0,0.20000000298023224,0.4000000059604645,0.20000000298023224,0.05223867669701576
523,24667.0,0.15000000596046448,0.44999998807907104,0.20000000298023224,0.06478838622570038
524,24668.0,0.10000000149011612,0.5,0.20000000298023224,0.05450444668531418
525,24669.0,0.05000000074505806,0.550000011920929,0.20000000298023224,0.07583359628915787
526,24672.0,0.6000000238418579,0.05000000074505806,0.20000000298023224,0.19607050716876984
527,24673.0,0.550000011920929,0.10000000149011612,0.20000000298023224,0.20170721411705017
528,24674.0,0.5,0.15000000596046448,0.20000000298023224,0.1504916250705719
529,24675.0,0.44999998807907104,0.20000000298023224,0.20000000298023224,0.11532577127218246
530,24676.0,0.4000000059604645,0.25,0.20000000298023224,0.07274884730577469
531,24677.0,0.3499999940395355,0.30000001192092896,0.20000000298023224,0.06029326468706131
532,24678.0,0.30000001192092896,0.3499999940395355,0.20000000298023224,0.052180834114551544
533,24679.0,0.25,0.4000000059604645,0.20000000298023224,0.0586097352206707
534,24680.0,0.20000000298023224,0.44999998807907104,0.20000000298023224,0.07600094377994537
535,24681.0,0.15000000596046448,0.5,0.20000000298023224,0.07066022604703903
536,24682.0,0.10000000149011612,0.550000011920929,0.20000000298023224,0.05248744785785675
537,24683.0,0.05000000074505806,0.6000000238418579,0.20000000298023224,0.05594002828001976
538,24686.0,0.6499999761581421,0.05000000074505806,0.20000000298023224,0.13699695467948914
539,24687.0,0.6000000238418579,0.10000000149011612,0.20000000298023224,0.12621836364269257
540,24689.0,0.550000011920929,0.15000000596046448,0.20000000298023224,0.11837175488471985
541,24690.0,0.5,0.20000000298023224,0.20000000298023224,0.09762785583734512
542,24691.0,0.44999998807907104,0.25,0.20000000298023224,0.07432735711336136
543,24692.0,0.4000000059604645,0.30000001192092896,0.20000000298023224,0.07670184224843979
544,24693.0,0.3499999940395355,0.3499999940395355,0.20000000298023224,0.07639123499393463
545,24694.0,0.30000001192092896,0.4000000059604645,0.20000000298023224,0.0720425546169281
546,24695.0,0.25,0.44999998807907104,0.20000000298023224,0.07327290624380112
547,24696.0,0.20000000298023224,0.5,0.20000000298023224,0.060989126563072205
548,24697.0,0.15000000596046448,0.550000011920929,0.20000000298023224,0.055527981370687485
549,24698.0,0.10000000149011612,0.6000000238418579,0.20000000298023224,0.060511264950037
550,24699.0,0.05000000074505806,0.6499999761581421,0.20000000298023224,0.06738749146461487
551,24702.0,0.699999988079071,0.05000000074505806,0.20000000298023224,0.13546326756477356
552,24704.0,0.6499999761581421,0.10000000149011612,0.20000000298023224,0.11007609963417053
553,24705.0,0.6000000238418579,0.15000000596046448,0.20000000298023224,0.09738121181726456
554,24706.0,0.550000011920929,0.20000000298023224,0.20000000298023224,0.09954128414392471
555,24707.0,0.5,0.25,0.20000000298023224,0.08688287436962128
556,24708.0,0.44999998807907104,0.30000001192092896,0.20000000298023224,0.08714106678962708
557,24709.0,0.4000000059604645,0.3499999940395355,0.20000000298023224,0.07777799665927887
558,24710.0,0.3499999940395355,0.4000000059604645,0.20000000298023224,0.060037679970264435
559,24711.0,0.30000001192092896,0.44999998807907104,0.20000000298023224,0.06483785063028336
560,24712.0,0.25,0.5,0.20000000298023224,0.04818124324083328
561,24713.0,0.20000000298023224,0.550000011920929,0.20000000298023224,0.04292965680360794
562,24714.0,0.15000000596046448,0.6000000238418579,0.20000000298023224,0.042748913168907166
563,24715.0,0.10000000149011612,0.6499999761581421,0.20000000298023224,0.10100715607404709
564,24716.0,0.05000000074505806,0.699999988079071,0.20000000298023224,0.05889886990189552
565,24720.0,0.75,0.05000000074505806,0.20000000298023224,0.10859443992376328
566,24721.0,0.699999988079071,0.10000000149011612,0.20000000298023224,0.09868763387203217
567,24722.0,0.6499999761581421,0.15000000596046448,0.20000000298023224,0.0899585485458374
568,24723.0,0.6000000238418579,0.20000000298023224,0.20000000298023224,0.0953776091337204
569,24724.0,0.550000011920929,0.25,0.20000000298023224,0.10963591933250427
570,24725.0,0.5,0.30000001192092896,0.20000000298023224,0.11570557206869125
571,24726.0,0.44999998807907104,0.3499999940395355,0.20000000298023224,0.11741194874048233
572,24727.0,0.4000000059604645,0.4000000059604645,0.20000000298023224,0.07275530695915222
573,24728.0,0.3499999940395355,0.44999998807907104,0.20000000298023224,0.0604880154132843
574,24729.0,0.30000001192092896,0.5,0.20000000298023224,0.06456577777862549
575,24730.0,0.25,0.550000011920929,0.20000000298023224,0.03127984330058098
576,24731.0,0.20000000298023224,0.6000000238418579,0.20000000298023224,0.028855403885245323
577,24732.0,0.15000000596046448,0.6499999761581421,0.20000000298023224,0.054966386407613754
578,24733.0,0.10000000149011612,0.699999988079071,0.20000000298023224,0.13226649165153503
579,24734.0,0.05000000074505806,0.75,0.20000000298023224,0.06074876710772514
580,24740.0,0.05000000074505806,0.05000000074505806,0.25,0.09162850677967072
581,24743.0,0.10000000149011612,0.05000000074505806,0.25,0.1161879450082779
582,24744.0,0.05000000074505806,0.10000000149011612,0.25,0.037217870354652405
583,24747.0,0.15000000596046448,0.05000000074505806,0.25,0.15411819517612457
584,24748.0,0.10000000149011612,0.10000000149011612,0.25,0.06384579092264175
585,24749.0,0.05000000074505806,0.15000000596046448,0.25,0.07347967475652695
586,24752.0,0.20000000298023224,0.05000000074505806,0.25,0.13139981031417847
587,24753.0,0.15000000596046448,0.10000000149011612,0.25,0.08825346827507019
588,24754.0,0.10000000149011612,0.15000000596046448,0.25,0.08865305781364441
589,24755.0,0.05000000074505806,0.20000000298023224,0.25,0.06986882537603378
590,24758.0,0.25,0.05000000074505806,0.25,0.1528441160917282
591,24759.0,0.20000000298023224,0.10000000149011612,0.25,0.10263766348361969
592,24760.0,0.15000000596046448,0.15000000596046448,0.25,0.11303066462278366
593,24761.0,0.10000000149011612,0.20000000298023224,0.25,0.05806741490960121
594,24762.0,0.05000000074505806,0.25,0.25,0.056116119027137756
595,24765.0,0.30000001192092896,0.05000000074505806,0.25,0.13506963849067688
596,24766.0,0.25,0.10000000149011612,0.25,0.08022769540548325
597,24767.0,0.20000000298023224,0.15000000596046448,0.25,0.08077581226825714
598,24769.0,0.15000000596046448,0.20000000298023224,0.25,0.05170328542590141
599,24770.0,0.10000000149011612,0.25,0.25,0.04941722750663757
600,24771.0,0.05000000074505806,0.30000001192092896,0.25,0.034486074000597
601,24774.0,0.3499999940395355,0.05000000074505806,0.25,0.09903789311647415
602,24775.0,0.30000001192092896,0.10000000149011612,0.25,0.10609402507543564
603,24776.0,0.25,0.15000000596046448,0.25,0.09524156898260117
604,24777.0,0.20000000298023224,0.20000000298023224,0.25,0.05761144310235977
605,24778.0,0.15000000596046448,0.25,0.25,0.08291518688201904
606,24779.0,0.10000000149011612,0.30000001192092896,0.25,0.052271027117967606
607,24780.0,0.05000000074505806,0.3499999940395355,0.25,0.05897563695907593
608,24784.0,0.4000000059604645,0.05000000074505806,0.25,0.12704452872276306
609,24785.0,0.3499999940395355,0.10000000149011612,0.25,0.10384628921747208
610,24786.0,0.30000001192092896,0.15000000596046448,0.25,0.09078587591648102
611,24787.0,0.25,0.20000000298023224,0.25,0.08903659880161285
612,24788.0,0.20000000298023224,0.25,0.25,0.08048318326473236
613,24789.0,0.15000000596046448,0.30000001192092896,0.25,0.05794855207204819
614,24790.0,0.10000000149011612,0.3499999940395355,0.25,0.046835098415613174
615,24791.0,0.05000000074505806,0.4000000059604645,0.25,0.06382818520069122
616,24794.0,0.44999998807907104,0.05000000074505806,0.25,0.16627588868141174
617,24795.0,0.4000000059604645,0.10000000149011612,0.25,0.1313350349664688
618,24796.0,0.3499999940395355,0.15000000596046448,0.25,0.09803818166255951
619,24797.0,0.30000001192092896,0.20000000298023224,0.25,0.07112754881381989
620,24798.0,0.25,0.25,0.25,0.08275744318962097
621,24799.0,0.20000000298023224,0.30000001192092896,0.25,0.06730283796787262
622,24800.0,0.15000000596046448,0.3499999940395355,0.25,0.032927460968494415
623,24801.0,0.10000000149011612,0.4000000059604645,0.25,0.04525647684931755
624,24802.0,0.05000000074505806,0.44999998807907104,0.25,0.04869944229722023
625,24806.0,0.5,0.05000000074505806,0.25,0.15144461393356323
626,24807.0,0.44999998807907104,0.10000000149011612,0.25,0.11989027261734009
627,24808.0,0.4000000059604645,0.15000000596046448,0.25,0.09984468668699265
628,24809.0,0.3499999940395355,0.20000000298023224,0.25,0.07477173209190369
629,24810.0,0.30000001192092896,0.25,0.25,0.06103810295462608
630,24811.0,0.25,0.30000001192092896,0.25,0.049826908856630325
631,24812.0,0.20000000298023224,0.3499999940395355,0.25,0.02961326390504837
632,24813.0,0.15000000596046448,0.4000000059604645,0.25,0.044344767928123474
633,24814.0,0.10000000149011612,0.44999998807907104,0.25,0.03928448259830475
634,24815.0,0.05000000074505806,0.5,0.25,0.07109452039003372
635,24818.0,0.550000011920929,0.05000000074505806,0.25,0.13912580907344818
636,24819.0,0.5,0.10000000149011612,0.25,0.11783461272716522
637,24821.0,0.44999998807907104,0.15000000596046448,0.25,0.10263749957084656
638,24822.0,0.4000000059604645,0.20000000298023224,0.25,0.07492905110120773
639,24823.0,0.3499999940395355,0.25,0.25,0.053504060953855515
640,24824.0,0.30000001192092896,0.30000001192092896,0.25,0.05374233424663544
641,24825.0,0.25,0.3499999940395355,0.25,0.04912310838699341
642,24826.0,0.20000000298023224,0.4000000059604645,0.25,0.06705659627914429
643,24827.0,0.15000000596046448,0.44999998807907104,0.25,0.0704074501991272
644,24828.0,0.10000000149011612,0.5,0.25,0.04318126663565636
645,24829.0,0.05000000074505806,0.550000011920929,0.25,0.045869048684835434
646,24832.0,0.6000000238418579,0.05000000074505806,0.25,0.10113342106342316
647,24833.0,0.550000011920929,0.10000000149011612,0.25,0.09773582220077515
648,24834.0,0.5,0.15000000596046448,0.25,0.10035720467567444
649,24835.0,0.44999998807907104,0.20000000298023224,0.25,0.08655526489019394
650,24836.0,0.4000000059604645,0.25,0.25,0.06546404957771301
651,24837.0,0.3499999940395355,0.30000001192092896,0.25,0.06163894012570381
652,24838.0,0.30000001192092896,0.3499999940395355,0.25,0.07139459997415543
653,24839.0,0.25,0.4000000059604645,0.25,0.07185816764831543
654,24840.0,0.20000000298023224,0.44999998807907104,0.25,0.06378273665904999
655,24841.0,0.15000000596046448,0.5,0.25,0.07354559749364853
656,24842.0,0.10000000149011612,0.550000011920929,0.25,0.04111621528863907
657,24843.0,0.05000000074505806,0.6000000238418579,0.25,0.04779256507754326
658,24846.0,0.6499999761581421,0.05000000074505806,0.25,0.1313473880290985
659,24847.0,0.6000000238418579,0.10000000149011612,0.25,0.12074902653694153
660,24848.0,0.550000011920929,0.15000000596046448,0.25,0.11926142126321793
661,24849.0,0.5,0.20000000298023224,0.25,0.1309535801410675
662,24850.0,0.44999998807907104,0.25,0.25,0.0896393358707428
663,24851.0,0.4000000059604645,0.30000001192092896,0.25,0.07988542318344116
664,24852.0,0.3499999940395355,0.3499999940395355,0.25,0.08313959836959839
665,24853.0,0.30000001192092896,0.4000000059604645,0.25,0.06621306389570236
666,24854.0,0.25,0.44999998807907104,0.25,0.06243841350078583
667,24855.0,0.20000000298023224,0.5,0.25,0.07433625310659409
668,24856.0,0.15000000596046448,0.550000011920929,0.25,0.07214349508285522
669,24857.0,0.10000000149011612,0.6000000238418579,0.25,0.0761173665523529
670,24858.0,0.05000000074505806,0.6499999761581421,0.25,0.08903750777244568
671,24861.0,0.699999988079071,0.05000000074505806,0.25,0.13405391573905945
672,24862.0,0.6499999761581421,0.10000000149011612,0.25,0.12218263745307922
673,24863.0,0.6000000238418579,0.15000000596046448,0.25,0.11380182206630707
674,24864.0,0.550000011920929,0.20000000298023224,0.25,0.10369111597537994
675,24865.0,0.5,0.25,0.25,0.12634427845478058
676,24866.0,0.44999998807907104,0.30000001192092896,0.25,0.13039182126522064
677,24867.0,0.4000000059604645,0.3499999940395355,0.25,0.08663947135210037
678,24868.0,0.3499999940395355,0.4000000059604645,0.25,0.07826940715312958
679,24869.0,0.30000001192092896,0.44999998807907104,0.25,0.06553837656974792
680,24871.0,0.25,0.5,0.25,0.054121457040309906
681,24872.0,0.20000000298023224,0.550000011920929,0.25,0.053412944078445435
682,24873.0,0.15000000596046448,0.6000000238418579,0.25,0.07202508300542831
683,24874.0,0.10000000149011612,0.6499999761581421,0.25,0.07472807914018631
684,24875.0,0.05000000074505806,0.699999988079071,0.25,0.05797409266233444
685,24881.0,0.05000000074505806,0.05000000074505806,0.30000001192092896,0.07162882387638092
686,24884.0,0.10000000149011612,0.05000000074505806,0.30000001192092896,0.09664907306432724
687,24886.0,0.05000000074505806,0.10000000149011612,0.30000001192092896,0.09006756544113159
688,24889.0,0.15000000596046448,0.05000000074505806,0.30000001192092896,0.08987800776958466
689,24890.0,0.10000000149011612,0.10000000149011612,0.30000001192092896,0.05476076900959015
690,24891.0,0.05000000074505806,0.15000000596046448,0.30000001192092896,0.04444265738129616
691,24894.0,0.20000000298023224,0.05000000074505806,0.30000001192092896,0.08902502804994583
692,24895.0,0.15000000596046448,0.10000000149011612,0.30000001192092896,0.05763096362352371
693,24896.0,0.10000000149011612,0.15000000596046448,0.30000001192092896,0.044787973165512085
694,24897.0,0.05000000074505806,0.20000000298023224,0.30000001192092896,0.038146182894706726
695,24901.0,0.25,0.05000000074505806,0.30000001192092896,0.11271211504936218
696,24902.0,0.20000000298023224,0.10000000149011612,0.30000001192092896,0.07955826073884964
697,24903.0,0.15000000596046448,0.15000000596046448,0.30000001192092896,0.060491159558296204
698,24904.0,0.10000000149011612,0.20000000298023224,0.30000001192092896,0.040751710534095764
699,24905.0,0.05000000074505806,0.25,0.30000001192092896,0.04470984265208244
700,24908.0,0.30000001192092896,0.05000000074505806,0.30000001192092896,0.12468654662370682
701,24909.0,0.25,0.10000000149011612,0.30000001192092896,0.08967693895101547
702,24910.0,0.20000000298023224,0.15000000596046448,0.30000001192092896,0.06471733003854752
703,24911.0,0.15000000596046448,0.20000000298023224,0.30000001192092896,0.05546634644269943
704,24912.0,0.10000000149011612,0.25,0.30000001192092896,0.05000940337777138
705,24913.0,0.05000000074505806,0.30000001192092896,0.30000001192092896,0.05579358711838722
706,24916.0,0.3499999940395355,0.05000000074505806,0.30000001192092896,0.11518307775259018
707,24917.0,0.30000001192092896,0.10000000149011612,0.30000001192092896,0.09654431790113449
708,24918.0,0.25,0.15000000596046448,0.30000001192092896,0.06810606271028519
709,24919.0,0.20000000298023224,0.20000000298023224,0.30000001192092896,0.04970854893326759
710,24920.0,0.15000000596046448,0.25,0.30000001192092896,0.039466530084609985
711,24921.0,0.10000000149011612,0.30000001192092896,0.30000001192092896,0.05112287029623985
712,24923.0,0.05000000074505806,0.3499999940395355,0.30000001192092896,0.046278201043605804
713,24926.0,0.4000000059604645,0.05000000074505806,0.30000001192092896,0.12910445034503937
714,24927.0,0.3499999940395355,0.10000000149011612,0.30000001192092896,0.10113028436899185
715,24928.0,0.30000001192092896,0.15000000596046448,0.30000001192092896,0.07419931888580322
716,24929.0,0.25,0.20000000298023224,0.30000001192092896,0.05945365130901337
717,24930.0,0.20000000298023224,0.25,0.30000001192092896,0.05326582491397858
718,24931.0,0.15000000596046448,0.30000001192092896,0.30000001192092896,0.04467063024640083
719,24932.0,0.10000000149011612,0.3499999940395355,0.30000001192092896,0.04378660023212433
720,24933.0,0.05000000074505806,0.4000000059604645,0.30000001192092896,0.047859739512205124
721,24936.0,0.44999998807907104,0.05000000074505806,0.30000001192092896,0.1367185115814209
722,24937.0,0.4000000059604645,0.10000000149011612,0.30000001192092896,0.10719556361436844
723,24938.0,0.3499999940395355,0.15000000596046448,0.30000001192092896,0.08283409476280212
724,24939.0,0.30000001192092896,0.20000000298023224,0.30000001192092896,0.06162763386964798
725,24940.0,0.25,0.25,0.30000001192092896,0.06645815819501877
726,24941.0,0.20000000298023224,0.30000001192092896,0.30000001192092896,0.052419744431972504
727,24942.0,0.15000000596046448,0.3499999940395355,0.30000001192092896,0.03590777888894081
728,24943.0,0.10000000149011612,0.4000000059604645,0.30000001192092896,0.03109457530081272
729,24944.0,0.05000000074505806,0.44999998807907104,0.30000001192092896,0.05017939582467079
730,24947.0,0.5,0.05000000074505806,0.30000001192092896,0.09296134859323502
731,24948.0,0.44999998807907104,0.10000000149011612,0.30000001192092896,0.09094099700450897
732,24949.0,0.4000000059604645,0.15000000596046448,0.30000001192092896,0.07293855398893356
733,24950.0,0.3499999940395355,0.20000000298023224,0.30000001192092896,0.07016724348068237
734,24951.0,0.30000001192092896,0.25,0.30000001192092896,0.059492599219083786
735,24952.0,0.25,0.30000001192092896,0.30000001192092896,0.057478729635477066
736,24953.0,0.20000000298023224,0.3499999940395355,0.30000001192092896,0.033980559557676315
737,24954.0,0.15000000596046448,0.4000000059604645,0.30000001192092896,0.042355068027973175
738,24955.0,0.10000000149011612,0.44999998807907104,0.30000001192092896,0.03149552643299103
739,24956.0,0.05000000074505806,0.5,0.30000001192092896,0.05406209081411362
740,24959.0,0.550000011920929,0.05000000074505806,0.30000001192092896,0.1080031543970108
741,24960.0,0.5,0.10000000149011612,0.30000001192092896,0.09261952340602875
742,24961.0,0.44999998807907104,0.15000000596046448,0.30000001192092896,0.08658801764249802
743,24962.0,0.4000000059604645,0.20000000298023224,0.30000001192092896,0.07183432579040527
744,24963.0,0.3499999940395355,0.25,0.30000001192092896,0.055360790342092514
745,24964.0,0.30000001192092896,0.30000001192092896,0.30000001192092896,0.050020694732666016
746,24965.0,0.25,0.3499999940395355,0.30000001192092896,0.07723621279001236
747,24966.0,0.20000000298023224,0.4000000059604645,0.30000001192092896,0.06296780705451965
748,24967.0,0.15000000596046448,0.44999998807907104,0.30000001192092896,0.05278817564249039
749,24968.0,0.10000000149011612,0.5,0.30000001192092896,0.06088222190737724
750,24969.0,0.05000000074505806,0.550000011920929,0.30000001192092896,0.07129114866256714
751,24973.0,0.6000000238418579,0.05000000074505806,0.30000001192092896,0.14585353434085846
752,24974.0,0.550000011920929,0.10000000149011612,0.30000001192092896,0.13631562888622284
753,24975.0,0.5,0.15000000596046448,0.30000001192092896,0.11860987544059753
754,24976.0,0.44999998807907104,0.20000000298023224,0.30000001192092896,0.10454431921243668
755,24977.0,0.4000000059604645,0.25,0.30000001192092896,0.08900924772024155
756,24978.0,0.3499999940395355,0.30000001192092896,0.30000001192092896,0.08183032274246216
757,24979.0,0.30000001192092896,0.3499999940395355,0.30000001192092896,0.09511151164770126
758,24980.0,0.25,0.4000000059604645,0.30000001192092896,0.06295119225978851
759,24981.0,0.20000000298023224,0.44999998807907104,0.30000001192092896,0.05650005117058754
760,24982.0,0.15000000596046448,0.5,0.30000001192092896,0.06767433881759644
761,24983.0,0.10000000149011612,0.550000011920929,0.30000001192092896,0.0798664391040802
762,24984.0,0.05000000074505806,0.6000000238418579,0.30000001192092896,0.07023373246192932
763,24988.0,0.6499999761581421,0.05000000074505806,0.30000001192092896,0.15678079426288605
764,24989.0,0.6000000238418579,0.10000000149011612,0.30000001192092896,0.12059646099805832
765,24990.0,0.550000011920929,0.15000000596046448,0.30000001192092896,0.11424381285905838
766,24991.0,0.5,0.20000000298023224,0.30000001192092896,0.1031876876950264
767,24992.0,0.44999998807907104,0.25,0.30000001192092896,0.09443726390600204
768,24993.0,0.4000000059604645,0.30000001192092896,0.30000001192092896,0.09042452275753021
769,24994.0,0.3499999940395355,0.3499999940395355,0.30000001192092896,0.09649182111024857
770,24995.0,0.30000001192092896,0.4000000059604645,0.30000001192092896,0.10205051302909851
771,24996.0,0.25,0.44999998807907104,0.30000001192092896,0.08174344152212143
772,24997.0,0.20000000298023224,0.5,0.30000001192092896,0.06060892343521118
773,24998.0,0.15000000596046448,0.550000011920929,0.30000001192092896,0.05984342470765114
774,24999.0,0.10000000149011612,0.6000000238418579,0.30000001192092896,0.06848547607660294
775,25000.0,0.05000000074505806,0.6499999761581421,0.30000001192092896,0.05977707356214523
776,25007.0,0.05000000074505806,0.05000000074505806,0.3499999940395355,0.060899537056684494
777,25010.0,0.10000000149011612,0.05000000074505806,0.3499999940395355,0.08604580163955688
778,25011.0,0.05000000074505806,0.10000000149011612,0.3499999940395355,0.06945301592350006
779,25014.0,0.15000000596046448,0.05000000074505806,0.3499999940395355,0.08841653168201447
780,25015.0,0.10000000149011612,0.10000000149011612,0.3499999940395355,0.05351031944155693
781,25016.0,0.05000000074505806,0.15000000596046448,0.3499999940395355,0.04045001044869423
782,25020.0,0.20000000298023224,0.05000000074505806,0.3499999940395355,0.08560732752084732
783,25021.0,0.15000000596046448,0.10000000149011612,0.3499999940395355,0.06721797585487366
784,25022.0,0.10000000149011612,0.15000000596046448,0.3499999940395355,0.03656405210494995
785,25023.0,0.05000000074505806,0.20000000298023224,0.3499999940395355,0.043517306447029114
786,25026.0,0.25,0.05000000074505806,0.3499999940395355,0.09032387286424637
787,25027.0,0.20000000298023224,0.10000000149011612,0.3499999940395355,0.06731881946325302
788,25028.0,0.15000000596046448,0.15000000596046448,0.3499999940395355,0.05294421315193176
789,25029.0,0.10000000149011612,0.20000000298023224,0.3499999940395355,0.04615715518593788
790,25030.0,0.05000000074505806,0.25,0.3499999940395355,0.042118970304727554
791,25033.0,0.30000001192092896,0.05000000074505806,0.3499999940395355,0.09208560734987259
792,25034.0,0.25,0.10000000149011612,0.3499999940395355,0.07310298085212708
793,25035.0,0.20000000298023224,0.15000000596046448,0.3499999940395355,0.052791062742471695
794,25036.0,0.15000000596046448,0.20000000298023224,0.3499999940395355,0.04477928206324577
795,25037.0,0.10000000149011612,0.25,0.3499999940395355,0.047937698662281036
796,25038.0,0.05000000074505806,0.30000001192092896,0.3499999940395355,0.04866515472531319
797,25041.0,0.3499999940395355,0.05000000074505806,0.3499999940395355,0.09768988192081451
798,25042.0,0.30000001192092896,0.10000000149011612,0.3499999940395355,0.07753926515579224
799,25043.0,0.25,0.15000000596046448,0.3499999940395355,0.05682399123907089
800,25044.0,0.20000000298023224,0.20000000298023224,0.3499999940395355,0.04857791215181351
801,25045.0,0.15000000596046448,0.25,0.3499999940395355,0.0468585342168808
802,25046.0,0.10000000149011612,0.30000001192092896,0.3499999940395355,0.048910461366176605
803,25047.0,0.05000000074505806,0.3499999940395355,0.3499999940395355,0.05285145714879036
804,25050.0,0.4000000059604645,0.05000000074505806,0.3499999940395355,0.09861179441213608
805,25051.0,0.3499999940395355,0.10000000149011612,0.3499999940395355,0.09556176513433456
806,25052.0,0.30000001192092896,0.15000000596046448,0.3499999940395355,0.07398984581232071
807,25053.0,0.25,0.20000000298023224,0.3499999940395355,0.05618797615170479
808,25054.0,0.20000000298023224,0.25,0.3499999940395355,0.048120979219675064
809,25055.0,0.15000000596046448,0.30000001192092896,0.3499999940395355,0.05334500968456268
810,25056.0,0.10000000149011612,0.3499999940395355,0.3499999940395355,0.050615549087524414
811,25057.0,0.05000000074505806,0.4000000059604645,0.3499999940395355,0.05124126002192497
812,25060.0,0.44999998807907104,0.05000000074505806,0.3499999940395355,0.08771678060293198
813,25061.0,0.4000000059604645,0.10000000149011612,0.3499999940395355,0.07606226205825806
814,25062.0,0.3499999940395355,0.15000000596046448,0.3499999940395355,0.065263532102108
815,25063.0,0.30000001192092896,0.20000000298023224,0.3499999940395355,0.05382615327835083
816,25064.0,0.25,0.25,0.3499999940395355,0.052405502647161484
817,25065.0,0.20000000298023224,0.30000001192092896,0.3499999940395355,0.04961084574460983
818,25066.0,0.15000000596046448,0.3499999940395355,0.3499999940395355,0.055306077003479004
819,25067.0,0.10000000149011612,0.4000000059604645,0.3499999940395355,0.043043315410614014
820,25068.0,0.05000000074505806,0.44999998807907104,0.3499999940395355,0.04002314433455467
821,25071.0,0.5,0.05000000074505806,0.3499999940395355,0.09093374013900757
822,25072.0,0.44999998807907104,0.10000000149011612,0.3499999940395355,0.08346300572156906
823,25073.0,0.4000000059604645,0.15000000596046448,0.3499999940395355,0.07438178360462189
824,25074.0,0.3499999940395355,0.20000000298023224,0.3499999940395355,0.06591102480888367
825,25075.0,0.30000001192092896,0.25,0.3499999940395355,0.05303863435983658
826,25076.0,0.25,0.30000001192092896,0.3499999940395355,0.05836927890777588
827,25077.0,0.20000000298023224,0.3499999940395355,0.3499999940395355,0.0450485460460186
828,25078.0,0.15000000596046448,0.4000000059604645,0.3499999940395355,0.038496922701597214
829,25079.0,0.10000000149011612,0.44999998807907104,0.3499999940395355,0.032222550362348557
830,25080.0,0.05000000074505806,0.5,0.3499999940395355,0.05782480910420418
831,25084.0,0.550000011920929,0.05000000074505806,0.3499999940395355,0.12225093692541122
832,25085.0,0.5,0.10000000149011612,0.3499999940395355,0.10332666337490082
833,25086.0,0.44999998807907104,0.15000000596046448,0.3499999940395355,0.083119697868824
834,25087.0,0.4000000059604645,0.20000000298023224,0.3499999940395355,0.07568920403718948
835,25088.0,0.3499999940395355,0.25,0.3499999940395355,0.0523194819688797
836,25090.0,0.30000001192092896,0.30000001192092896,0.3499999940395355,0.06088228151202202
837,25091.0,0.25,0.3499999940395355,0.3499999940395355,0.06780386716127396
838,25092.0,0.20000000298023224,0.4000000059604645,0.3499999940395355,0.04456367716193199
839,25093.0,0.15000000596046448,0.44999998807907104,0.3499999940395355,0.04436024650931358
840,25094.0,0.10000000149011612,0.5,0.3499999940395355,0.05683127045631409
841,25095.0,0.05000000074505806,0.550000011920929,0.3499999940395355,0.07709183543920517
842,25098.0,0.6000000238418579,0.05000000074505806,0.3499999940395355,0.12108803540468216
843,25099.0,0.550000011920929,0.10000000149011612,0.3499999940395355,0.10803757607936859
844,25100.0,0.5,0.15000000596046448,0.3499999940395355,0.09324391931295395
845,25101.0,0.44999998807907104,0.20000000298023224,0.3499999940395355,0.08668407052755356
846,25102.0,0.4000000059604645,0.25,0.3499999940395355,0.06783854961395264
847,25103.0,0.3499999940395355,0.30000001192092896,0.3499999940395355,0.06288310885429382
848,25105.0,0.30000001192092896,0.3499999940395355,0.3499999940395355,0.07384238392114639
849,25106.0,0.25,0.4000000059604645,0.3499999940395355,0.05993201956152916
850,25107.0,0.20000000298023224,0.44999998807907104,0.3499999940395355,0.06272543221712112
851,25108.0,0.15000000596046448,0.5,0.3499999940395355,0.057043276727199554
852,25109.0,0.10000000149011612,0.550000011920929,0.3499999940395355,0.07103496044874191
853,25110.0,0.05000000074505806,0.6000000238418579,0.3499999940395355,0.06748806685209274
854,25116.0,0.05000000074505806,0.05000000074505806,0.4000000059604645,0.06726191937923431
855,25120.0,0.10000000149011612,0.05000000074505806,0.4000000059604645,0.07871732860803604
856,25121.0,0.05000000074505806,0.10000000149011612,0.4000000059604645,0.05331301689147949
857,25124.0,0.15000000596046448,0.05000000074505806,0.4000000059604645,0.06222807988524437
858,25125.0,0.10000000149011612,0.10000000149011612,0.4000000059604645,0.050943147391080856
859,25126.0,0.05000000074505806,0.15000000596046448,0.4000000059604645,0.04130329564213753
860,25129.0,0.20000000298023224,0.05000000074505806,0.4000000059604645,0.06398683041334152
861,25130.0,0.15000000596046448,0.10000000149011612,0.4000000059604645,0.054474037140607834
862,25131.0,0.10000000149011612,0.15000000596046448,0.4000000059604645,0.04200897365808487
863,25132.0,0.05000000074505806,0.20000000298023224,0.4000000059604645,0.04755891487002373
864,25135.0,0.25,0.05000000074505806,0.4000000059604645,0.07220092415809631
865,25136.0,0.20000000298023224,0.10000000149011612,0.4000000059604645,0.06401638686656952
866,25137.0,0.15000000596046448,0.15000000596046448,0.4000000059604645,0.051687926054000854
867,25138.0,0.10000000149011612,0.20000000298023224,0.4000000059604645,0.03945673629641533
868,25139.0,0.05000000074505806,0.25,0.4000000059604645,0.047530416399240494
869,25142.0,0.30000001192092896,0.05000000074505806,0.4000000059604645,0.09445104748010635
870,25143.0,0.25,0.10000000149011612,0.4000000059604645,0.07679109275341034
871,25144.0,0.20000000298023224,0.15000000596046448,0.4000000059604645,0.06200135499238968
872,25145.0,0.15000000596046448,0.20000000298023224,0.4000000059604645,0.04992895945906639
873,25146.0,0.10000000149011612,0.25,0.4000000059604645,0.051641881465911865
874,25147.0,0.05000000074505806,0.30000001192092896,0.4000000059604645,0.05063605681061745
875,25150.0,0.3499999940395355,0.05000000074505806,0.4000000059604645,0.08647694438695908
876,25151.0,0.30000001192092896,0.10000000149011612,0.4000000059604645,0.07121105492115021
877,25152.0,0.25,0.15000000596046448,0.4000000059604645,0.05519572272896767
878,25153.0,0.20000000298023224,0.20000000298023224,0.4000000059604645,0.044939301908016205
879,25154.0,0.15000000596046448,0.25,0.4000000059604645,0.043466534465551376
880,25155.0,0.10000000149011612,0.30000001192092896,0.4000000059604645,0.05005347356200218
881,25156.0,0.05000000074505806,0.3499999940395355,0.4000000059604645,0.06567614525556564
882,25159.0,0.4000000059604645,0.05000000074505806,0.4000000059604645,0.11377259343862534
883,25160.0,0.3499999940395355,0.10000000149011612,0.4000000059604645,0.08177842199802399
884,25161.0,0.30000001192092896,0.15000000596046448,0.4000000059604645,0.0654209703207016
885,25162.0,0.25,0.20000000298023224,0.4000000059604645,0.05543437972664833
886,25163.0,0.20000000298023224,0.25,0.4000000059604645,0.04719981551170349
887,25164.0,0.15000000596046448,0.30000001192092896,0.4000000059604645,0.048274025321006775
888,25165.0,0.10000000149011612,0.3499999940395355,0.4000000059604645,0.03823396936058998
889,25166.0,0.05000000074505806,0.4000000059604645,0.4000000059604645,0.048313066363334656
890,25169.0,0.44999998807907104,0.05000000074505806,0.4000000059604645,0.0940776988863945
891,25170.0,0.4000000059604645,0.10000000149011612,0.4000000059604645,0.07824763655662537
892,25171.0,0.3499999940395355,0.15000000596046448,0.4000000059604645,0.06600075215101242
893,25172.0,0.30000001192092896,0.20000000298023224,0.4000000059604645,0.05211653560400009
894,25173.0,0.25,0.25,0.4000000059604645,0.041364263743162155
895,25174.0,0.20000000298023224,0.30000001192092896,0.4000000059604645,0.041166942566633224
896,25175.0,0.15000000596046448,0.3499999940395355,0.4000000059604645,0.04713991656899452
897,25176.0,0.10000000149011612,0.4000000059604645,0.4000000059604645,0.03586552292108536
898,25177.0,0.05000000074505806,0.44999998807907104,0.4000000059604645,0.04560801014304161
899,25180.0,0.5,0.05000000074505806,0.4000000059604645,0.08889614045619965
900,25181.0,0.44999998807907104,0.10000000149011612,0.4000000059604645,0.07716340571641922
901,25182.0,0.4000000059604645,0.15000000596046448,0.4000000059604645,0.06919700652360916
902,25184.0,0.3499999940395355,0.20000000298023224,0.4000000059604645,0.058325618505477905
903,25185.0,0.30000001192092896,0.25,0.4000000059604645,0.0405280776321888
904,25186.0,0.25,0.30000001192092896,0.4000000059604645,0.042557429522275925
905,25187.0,0.20000000298023224,0.3499999940395355,0.4000000059604645,0.04968516156077385
906,25188.0,0.15000000596046448,0.4000000059604645,0.4000000059604645,0.03440520912408829
907,25189.0,0.10000000149011612,0.44999998807907104,0.4000000059604645,0.045356400310993195
908,25190.0,0.05000000074505806,0.5,0.4000000059604645,0.06926768273115158
909,25193.0,0.550000011920929,0.05000000074505806,0.4000000059604645,0.11368522047996521
910,25194.0,0.5,0.10000000149011612,0.4000000059604645,0.09556344896554947
911,25195.0,0.44999998807907104,0.15000000596046448,0.4000000059604645,0.08496342599391937
912,25196.0,0.4000000059604645,0.20000000298023224,0.4000000059604645,0.06686292588710785
913,25197.0,0.3499999940395355,0.25,0.4000000059604645,0.05867716670036316
914,25199.0,0.30000001192092896,0.30000001192092896,0.4000000059604645,0.07609435170888901
915,25200.0,0.25,0.3499999940395355,0.4000000059604645,0.0651433914899826
916,25201.0,0.20000000298023224,0.4000000059604645,0.4000000059604645,0.06460875272750854
917,25202.0,0.15000000596046448,0.44999998807907104,0.4000000059604645,0.0600261352956295
918,25203.0,0.10000000149011612,0.5,0.4000000059604645,0.0724189430475235
919,25204.0,0.05000000074505806,0.550000011920929,0.4000000059604645,0.06122790277004242
920,25211.0,0.05000000074505806,0.05000000074505806,0.44999998807907104,0.0569164864718914
921,25214.0,0.10000000149011612,0.05000000074505806,0.44999998807907104,0.05732882395386696
922,25215.0,0.05000000074505806,0.10000000149011612,0.44999998807907104,0.04900936782360077
923,25218.0,0.15000000596046448,0.05000000074505806,0.44999998807907104,0.058154087513685226
924,25219.0,0.10000000149011612,0.10000000149011612,0.44999998807907104,0.048979926854372025
925,25220.0,0.05000000074505806,0.15000000596046448,0.44999998807907104,0.039160821586847305
926,25224.0,0.20000000298023224,0.05000000074505806,0.44999998807907104,0.0681910365819931
927,25225.0,0.15000000596046448,0.10000000149011612,0.44999998807907104,0.06043786182999611
928,25226.0,0.10000000149011612,0.15000000596046448,0.44999998807907104,0.04881171137094498
929,25227.0,0.05000000074505806,0.20000000298023224,0.44999998807907104,0.04620368033647537
930,25230.0,0.25,0.05000000074505806,0.44999998807907104,0.0713505819439888
931,25231.0,0.20000000298023224,0.10000000149011612,0.44999998807907104,0.05840809643268585
932,25232.0,0.15000000596046448,0.15000000596046448,0.44999998807907104,0.04117647185921669
933,25233.0,0.10000000149011612,0.20000000298023224,0.44999998807907104,0.04323331266641617
934,25234.0,0.05000000074505806,0.25,0.44999998807907104,0.04299958795309067
935,25237.0,0.30000001192092896,0.05000000074505806,0.44999998807907104,0.07819926738739014
936,25238.0,0.25,0.10000000149011612,0.44999998807907104,0.06871029734611511
937,25239.0,0.20000000298023224,0.15000000596046448,0.44999998807907104,0.058014802634716034
938,25240.0,0.15000000596046448,0.20000000298023224,0.44999998807907104,0.04542331025004387
939,25241.0,0.10000000149011612,0.25,0.44999998807907104,0.050210051238536835
940,25242.0,0.05000000074505806,0.30000001192092896,0.44999998807907104,0.04774356633424759
941,25245.0,0.3499999940395355,0.05000000074505806,0.44999998807907104,0.07214347273111343
942,25246.0,0.30000001192092896,0.10000000149011612,0.44999998807907104,0.06365761160850525
943,25247.0,0.25,0.15000000596046448,0.44999998807907104,0.04996413737535477
944,25248.0,0.20000000298023224,0.20000000298023224,0.44999998807907104,0.04678400233387947
945,25249.0,0.15000000596046448,0.25,0.44999998807907104,0.04491521790623665
946,25250.0,0.10000000149011612,0.30000001192092896,0.44999998807907104,0.06637546420097351
947,25251.0,0.05000000074505806,0.3499999940395355,0.44999998807907104,0.0610184371471405
948,25254.0,0.4000000059604645,0.05000000074505806,0.44999998807907104,0.09899435937404633
949,25255.0,0.3499999940395355,0.10000000149011612,0.44999998807907104,0.09273626655340195
950,25256.0,0.30000001192092896,0.15000000596046448,0.44999998807907104,0.08645230531692505
951,25257.0,0.25,0.20000000298023224,0.44999998807907104,0.0879795253276825
952,25258.0,0.20000000298023224,0.25,0.44999998807907104,0.04985358566045761
953,25259.0,0.15000000596046448,0.30000001192092896,0.44999998807907104,0.035639677196741104
954,25260.0,0.10000000149011612,0.3499999940395355,0.44999998807907104,0.0702529177069664
955,25261.0,0.05000000074505806,0.4000000059604645,0.44999998807907104,0.07903603464365005
956,25264.0,0.44999998807907104,0.05000000074505806,0.44999998807907104,0.09661400318145752
957,25265.0,0.4000000059604645,0.10000000149011612,0.44999998807907104,0.08274160325527191
958,25266.0,0.3499999940395355,0.15000000596046448,0.44999998807907104,0.11089412868022919
959,25267.0,0.30000001192092896,0.20000000298023224,0.44999998807907104,0.056798528879880905
960,25268.0,0.25,0.25,0.44999998807907104,0.04468975588679314
961,25269.0,0.20000000298023224,0.30000001192092896,0.44999998807907104,0.04476315900683403
962,25270.0,0.15000000596046448,0.3499999940395355,0.44999998807907104,0.050813864916563034
963,25271.0,0.10000000149011612,0.4000000059604645,0.44999998807907104,0.049010369926691055
964,25272.0,0.05000000074505806,0.44999998807907104,0.44999998807907104,0.06001220643520355
965,25275.0,0.5,0.05000000074505806,0.44999998807907104,0.1007627546787262
966,25276.0,0.44999998807907104,0.10000000149011612,0.44999998807907104,0.08699696511030197
967,25277.0,0.4000000059604645,0.15000000596046448,0.44999998807907104,0.07981602847576141
968,25278.0,0.3499999940395355,0.20000000298023224,0.44999998807907104,0.07245063781738281
969,25279.0,0.30000001192092896,0.25,0.44999998807907104,0.05174170061945915
970,25280.0,0.25,0.30000001192092896,0.44999998807907104,0.06135190650820732
971,25281.0,0.20000000298023224,0.3499999940395355,0.44999998807907104,0.0644136369228363
972,25282.0,0.15000000596046448,0.4000000059604645,0.44999998807907104,0.07189147174358368
973,25283.0,0.10000000149011612,0.44999998807907104,0.44999998807907104,0.06690145283937454
974,25284.0,0.05000000074505806,0.5,0.44999998807907104,0.053930964320898056
975,25291.0,0.05000000074505806,0.05000000074505806,0.5,0.052066948264837265
976,25294.0,0.10000000149011612,0.05000000074505806,0.5,0.053471870720386505
977,25295.0,0.05000000074505806,0.10000000149011612,0.5,0.052096664905548096
978,25298.0,0.15000000596046448,0.05000000074505806,0.5,0.04891103878617287
979,25299.0,0.10000000149011612,0.10000000149011612,0.5,0.04236745834350586
980,25301.0,0.05000000074505806,0.15000000596046448,0.5,0.03801693767309189
981,25304.0,0.20000000298023224,0.05000000074505806,0.5,0.05279577895998955
982,25305.0,0.15000000596046448,0.10000000149011612,0.5,0.04584899917244911
983,25306.0,0.10000000149011612,0.15000000596046448,0.5,0.039986059069633484
984,25307.0,0.05000000074505806,0.20000000298023224,0.5,0.04565364867448807
985,25310.0,0.25,0.05000000074505806,0.5,0.05379154160618782
986,25311.0,0.20000000298023224,0.10000000149011612,0.5,0.04824123904109001
987,25312.0,0.15000000596046448,0.15000000596046448,0.5,0.04644778370857239
988,25313.0,0.10000000149011612,0.20000000298023224,0.5,0.034261252731084824
989,25314.0,0.05000000074505806,0.25,0.5,0.0512303002178669
990,25318.0,0.30000001192092896,0.05000000074505806,0.5,0.08794761449098587
991,25319.0,0.25,0.10000000149011612,0.5,0.06882740557193756
992,25320.0,0.20000000298023224,0.15000000596046448,0.5,0.06240024417638779
993,25321.0,0.15000000596046448,0.20000000298023224,0.5,0.04429726302623749
994,25322.0,0.10000000149011612,0.25,0.5,0.05008687451481819
995,25323.0,0.05000000074505806,0.30000001192092896,0.5,0.07010557502508163
996,25326.0,0.3499999940395355,0.05000000074505806,0.5,0.0846986472606659
997,25327.0,0.30000001192092896,0.10000000149011612,0.5,0.0808677077293396
998,25328.0,0.25,0.15000000596046448,0.5,0.0584273561835289
999,25329.0,0.20000000298023224,0.20000000298023224,0.5,0.0493539460003376
1000,25330.0,0.15000000596046448,0.25,0.5,0.04416345804929733
1001,25331.0,0.10000000149011612,0.30000001192092896,0.5,0.047817256301641464
1002,25332.0,0.05000000074505806,0.3499999940395355,0.5,0.08339359611272812
1003,25335.0,0.4000000059604645,0.05000000074505806,0.5,0.09100586920976639
1004,25336.0,0.3499999940395355,0.10000000149011612,0.5,0.08799436688423157
1005,25337.0,0.30000001192092896,0.15000000596046448,0.5,0.08579093962907791
1006,25338.0,0.25,0.20000000298023224,0.5,0.06214682757854462
1007,25339.0,0.20000000298023224,0.25,0.5,0.058542944490909576
1008,25340.0,0.15000000596046448,0.30000001192092896,0.5,0.06704653054475784
1009,25341.0,0.10000000149011612,0.3499999940395355,0.5,0.07298077642917633
1010,25342.0,0.05000000074505806,0.4000000059604645,0.5,0.0946241244673729
1011,25345.0,0.44999998807907104,0.05000000074505806,0.5,0.09614583849906921
1012,25346.0,0.4000000059604645,0.10000000149011612,0.5,0.08117520809173584
1013,25347.0,0.3499999940395355,0.15000000596046448,0.5,0.07146722823381424
1014,25348.0,0.30000001192092896,0.20000000298023224,0.5,0.04676280915737152
1015,25349.0,0.25,0.25,0.5,0.041561298072338104
1016,25350.0,0.20000000298023224,0.30000001192092896,0.5,0.05946608632802963
1017,25351.0,0.15000000596046448,0.3499999940395355,0.5,0.07915505766868591
1018,25352.0,0.10000000149011612,0.4000000059604645,0.5,0.07474903762340546
1019,25353.0,0.05000000074505806,0.44999998807907104,0.5,0.06377941370010376
1020,25359.0,0.05000000074505806,0.05000000074505806,0.550000011920929,0.0419752262532711
1021,25362.0,0.10000000149011612,0.05000000074505806,0.550000011920929,0.0439566932618618
1022,25363.0,0.05000000074505806,0.10000000149011612,0.550000011920929,0.03856659308075905
1023,25366.0,0.15000000596046448,0.05000000074505806,0.550000011920929,0.048243142664432526
1024,25367.0,0.10000000149011612,0.10000000149011612,0.550000011920929,0.039300501346588135
1025,25368.0,0.05000000074505806,0.15000000596046448,0.550000011920929,0.046282291412353516
1026,25371.0,0.20000000298023224,0.05000000074505806,0.550000011920929,0.06747651845216751
1027,25372.0,0.15000000596046448,0.10000000149011612,0.550000011920929,0.05675455555319786
1028,25373.0,0.10000000149011612,0.15000000596046448,0.550000011920929,0.05545736104249954
1029,25374.0,0.05000000074505806,0.20000000298023224,0.550000011920929,0.04836448282003403
1030,25377.0,0.25,0.05000000074505806,0.550000011920929,0.06511907279491425
1031,25378.0,0.20000000298023224,0.10000000149011612,0.550000011920929,0.06131561100482941
1032,25379.0,0.15000000596046448,0.15000000596046448,0.550000011920929,0.04628472030162811
1033,25380.0,0.10000000149011612,0.20000000298023224,0.550000011920929,0.053561821579933167
1034,25381.0,0.05000000074505806,0.25,0.550000011920929,0.06433578580617905
1035,25384.0,0.30000001192092896,0.05000000074505806,0.550000011920929,0.07534942775964737
1036,25385.0,0.25,0.10000000149011612,0.550000011920929,0.0577203594148159
1037,25387.0,0.20000000298023224,0.15000000596046448,0.550000011920929,0.04957931488752365
1038,25388.0,0.15000000596046448,0.20000000298023224,0.550000011920929,0.05141677334904671
1039,25389.0,0.10000000149011612,0.25,0.550000011920929,0.0677206739783287
1040,25390.0,0.05000000074505806,0.30000001192092896,0.550000011920929,0.08019881695508957
1041,25393.0,0.3499999940395355,0.05000000074505806,0.550000011920929,0.08908283710479736
1042,25394.0,0.30000001192092896,0.10000000149011612,0.550000011920929,0.09353122860193253
1043,25395.0,0.25,0.15000000596046448,0.550000011920929,0.07712292671203613
1044,25396.0,0.20000000298023224,0.20000000298023224,0.550000011920929,0.07426963001489639
1045,25397.0,0.15000000596046448,0.25,0.550000011920929,0.07809946686029434
1046,25398.0,0.10000000149011612,0.30000001192092896,0.550000011920929,0.09468934684991837
1047,25399.0,0.05000000074505806,0.3499999940395355,0.550000011920929,0.10686954855918884
1048,25403.0,0.4000000059604645,0.05000000074505806,0.550000011920929,0.09118621051311493
1049,25404.0,0.3499999940395355,0.10000000149011612,0.550000011920929,0.08078408241271973
1050,25405.0,0.30000001192092896,0.15000000596046448,0.550000011920929,0.06935989111661911
1051,25406.0,0.25,0.20000000298023224,0.550000011920929,0.06039474904537201
1052,25407.0,0.20000000298023224,0.25,0.550000011920929,0.0660523995757103
1053,25408.0,0.15000000596046448,0.30000001192092896,0.550000011920929,0.07968820631504059
1054,25409.0,0.10000000149011612,0.3499999940395355,0.550000011920929,0.09654024988412857
1055,25410.0,0.05000000074505806,0.4000000059604645,0.550000011920929,0.09188076853752136
1056,25417.0,0.05000000074505806,0.05000000074505806,0.6000000238418579,0.04346943274140358
1057,25420.0,0.10000000149011612,0.05000000074505806,0.6000000238418579,0.04030859097838402
1058,25421.0,0.05000000074505806,0.10000000149011612,0.6000000238418579,0.04078512638807297
1059,25424.0,0.15000000596046448,0.05000000074505806,0.6000000238418579,0.07441835850477219
1060,25425.0,0.10000000149011612,0.10000000149011612,0.6000000238418579,0.0397723913192749
1061,25426.0,0.05000000074505806,0.15000000596046448,0.6000000238418579,0.047896794974803925
1062,25429.0,0.20000000298023224,0.05000000074505806,0.6000000238418579,0.05877324938774109
1063,25430.0,0.15000000596046448,0.10000000149011612,0.6000000238418579,0.05980926379561424
1064,25432.0,0.10000000149011612,0.15000000596046448,0.6000000238418579,0.0522308424115181
1065,25433.0,0.05000000074505806,0.20000000298023224,0.6000000238418579,0.06008518487215042
1066,25436.0,0.25,0.05000000074505806,0.6000000238418579,0.06968666613101959
1067,25437.0,0.20000000298023224,0.10000000149011612,0.6000000238418579,0.06441187858581543
1068,25438.0,0.15000000596046448,0.15000000596046448,0.6000000238418579,0.058260511606931686
1069,25439.0,0.10000000149011612,0.20000000298023224,0.6000000238418579,0.06217024102807045
1070,25440.0,0.05000000074505806,0.25,0.6000000238418579,0.07716858386993408
1071,25443.0,0.30000001192092896,0.05000000074505806,0.6000000238418579,0.07967168092727661
1072,25444.0,0.25,0.10000000149011612,0.6000000238418579,0.06773427873849869
1073,25445.0,0.20000000298023224,0.15000000596046448,0.6000000238418579,0.06172113120555878
1074,25446.0,0.15000000596046448,0.20000000298023224,0.6000000238418579,0.05794457346200943
1075,25447.0,0.10000000149011612,0.25,0.6000000238418579,0.06833862513303757
1076,25448.0,0.05000000074505806,0.30000001192092896,0.6000000238418579,0.11692680418491364
1077,25451.0,0.3499999940395355,0.05000000074505806,0.6000000238418579,0.09386429190635681
1078,25452.0,0.30000001192092896,0.10000000149011612,0.6000000238418579,0.09693189710378647
1079,25453.0,0.25,0.15000000596046448,0.6000000238418579,0.09181103110313416
1080,25454.0,0.20000000298023224,0.20000000298023224,0.6000000238418579,0.07559948414564133
1081,25455.0,0.15000000596046448,0.25,0.6000000238418579,0.08607844263315201
1082,25456.0,0.10000000149011612,0.30000001192092896,0.6000000238418579,0.0968555137515068
1083,25457.0,0.05000000074505806,0.3499999940395355,0.6000000238418579,0.12490815669298172
1084,25463.0,0.05000000074505806,0.05000000074505806,0.6499999761581421,0.03671429678797722
1085,25466.0,0.10000000149011612,0.05000000074505806,0.6499999761581421,0.10088495165109634
1086,25467.0,0.05000000074505806,0.10000000149011612,0.6499999761581421,0.09520410746335983
1087,25470.0,0.15000000596046448,0.05000000074505806,0.6499999761581421,0.07053644955158234
1088,25471.0,0.10000000149011612,0.10000000149011612,0.6499999761581421,0.049680404365062714
1089,25472.0,0.05000000074505806,0.15000000596046448,0.6499999761581421,0.05248890072107315
1090,25475.0,0.20000000298023224,0.05000000074505806,0.6499999761581421,0.06878972798585892
1091,25476.0,0.15000000596046448,0.10000000149011612,0.6499999761581421,0.053833674639463425
1092,25477.0,0.10000000149011612,0.15000000596046448,0.6499999761581421,0.0553164966404438
1093,25478.0,0.05000000074505806,0.20000000298023224,0.6499999761581421,0.07343759387731552
1094,25482.0,0.25,0.05000000074505806,0.6499999761581421,0.06706088036298752
1095,25483.0,0.20000000298023224,0.10000000149011612,0.6499999761581421,0.07067292928695679
1096,25484.0,0.15000000596046448,0.15000000596046448,0.6499999761581421,0.07685467600822449
1097,25485.0,0.10000000149011612,0.20000000298023224,0.6499999761581421,0.07479838281869888
1098,25486.0,0.05000000074505806,0.25,0.6499999761581421,0.12772895395755768
1099,25489.0,0.30000001192092896,0.05000000074505806,0.6499999761581421,0.15269996225833893
1100,25490.0,0.25,0.10000000149011612,0.6499999761581421,0.11395689100027084
1101,25491.0,0.20000000298023224,0.15000000596046448,0.6499999761581421,0.0937824696302414
1102,25492.0,0.15000000596046448,0.20000000298023224,0.6499999761581421,0.09265705943107605
1103,25493.0,0.10000000149011612,0.25,0.6499999761581421,0.1184275671839714
1104,25494.0,0.05000000074505806,0.30000001192092896,0.6499999761581421,0.14010785520076752
1105,25500.0,0.05000000074505806,0.05000000074505806,0.699999988079071,0.035799577832221985
1106,25504.0,0.10000000149011612,0.05000000074505806,0.699999988079071,0.04924721270799637
1107,25505.0,0.05000000074505806,0.10000000149011612,0.699999988079071,0.054722778499126434
1108,25508.0,0.15000000596046448,0.05000000074505806,0.699999988079071,0.05858340114355087
1109,25509.0,0.10000000149011612,0.10000000149011612,0.699999988079071,0.06340501457452774
1110,25510.0,0.05000000074505806,0.15000000596046448,0.699999988079071,0.08670839667320251
1111,25513.0,0.20000000298023224,0.05000000074505806,0.699999988079071,0.10692950338125229
1112,25514.0,0.15000000596046448,0.10000000149011612,0.699999988079071,0.10124073177576065
1113,25515.0,0.10000000149011612,0.15000000596046448,0.699999988079071,0.09862562268972397
1114,25516.0,0.05000000074505806,0.20000000298023224,0.699999988079071,0.1251150518655777
1115,25520.0,0.25,0.05000000074505806,0.699999988079071,0.0979798212647438
1116,25521.0,0.20000000298023224,0.10000000149011612,0.699999988079071,0.07890550047159195
1117,25522.0,0.15000000596046448,0.15000000596046448,0.699999988079071,0.0942806527018547
1118,25523.0,0.10000000149011612,0.20000000298023224,0.699999988079071,0.1117820218205452
1119,25524.0,0.05000000074505806,0.25,0.699999988079071,0.14176268875598907
1120,25530.0,0.05000000074505806,0.05000000074505806,0.75,0.046129755675792694
1121,25534.0,0.10000000149011612,0.05000000074505806,0.75,0.08790159225463867
1122,25535.0,0.05000000074505806,0.10000000149011612,0.75,0.09417467564344406
1123,25538.0,0.15000000596046448,0.05000000074505806,0.75,0.08132243901491165
1124,25539.0,0.10000000149011612,0.10000000149011612,0.75,0.08864034712314606
1125,25540.0,0.05000000074505806,0.15000000596046448,0.75,0.12203311920166016
1126,25543.0,0.20000000298023224,0.05000000074505806,0.75,0.11280253529548645
1127,25544.0,0.15000000596046448,0.10000000149011612,0.75,0.08783198893070221
1128,25545.0,0.10000000149011612,0.15000000596046448,0.75,0.0957360491156578
1129,25546.0,0.05000000074505806,0.20000000298023224,0.75,0.12318867444992065
1130,25552.0,0.05000000074505806,0.05000000074505806,0.800000011920929,0.08965848386287689
1131,25555.0,0.10000000149011612,0.05000000074505806,0.800000011920929,0.12724502384662628
1132,25556.0,0.05000000074505806,0.10000000149011612,0.800000011920929,0.12242588400840759
1133,25559.0,0.15000000596046448,0.05000000074505806,0.800000011920929,0.13898786902427673
1134,25560.0,0.10000000149011612,0.10000000149011612,0.800000011920929,0.12363413721323013
1135,25561.0,0.05000000074505806,0.15000000596046448,0.800000011920929,0.16434071958065033
1136,25567.0,0.05000000074505806,0.05000000074505806,0.8500000238418579,0.12045928835868835
1137,25570.0,0.10000000149011612,0.05000000074505806,0.8500000238418579,0.15676569938659668
1138,25571.0,0.05000000074505806,0.10000000149011612,0.8500000238418579,0.16672784090042114
1139,25577.0,0.05000000074505806,0.05000000074505806,0.8999999761581421,0.11991290003061295
